order_id,customer_id,order_date,payment_method,order_total,actual_delivery_time
1961864118,30065862,2024-07-17,Cash,3197.07,2024-07-17
1549769649,9573071,2024-07-18,Cash,976.55,2024-07-18
9185164487,45477575,2024-07-19,UPI,839.05,2024-07-19
9644738826,88067569,2024-07-20,Card,440.23,2024-07-20
5427684290,83298567,2024-07-21,Cash,2526.68,2024-07-21
3265154092,43367112,2024-07-22,UPI,3161.43,2024-07-22
4898355547,13284996,2024-07-23,Card,956.4,2024-07-23
6568151549,88866835,2024-07-24,Cash,905.47,2024-07-24
6006693867,24496983,2024-07-25,Card,1371.17,2024-07-25
374186990,52215833,2024-07-26,Wallet,1601.19,2024-07-26
4455336265,43431724,2024-07-27,UPI,2362.33,2024-07-27
3539286337,77559557,2024-07-28,Wallet,1463.8,2024-07-28
9171116867,87107263,2024-07-29,Card,822.63,2024-07-29
5504941865,76512976,2024-07-30,Wallet,2287.68,2024-07-30
5868326481,37556526,2024-07-31,Wallet,1962.35,2024-07-31
2137046916,12059049,2024-08-01,UPI,3373.96,2024-08-01
8195544338,26199489,2024-08-02,Wallet,845.71,2024-08-02
2889700050,84848018,2024-08-03,Wallet,2706.54,2024-08-03
65827885,47577193,2024-08-04,Cash,1132.98,2024-08-04
4656471694,60728956,2024-08-05,Cash,1525.5,2024-08-05
6625178717,62068277,2024-08-06,Card,5718.09,2024-08-06
7169557514,84824280,2024-08-07,Card,2970.9,2024-08-07
2268306684,66742602,2024-08-08,Wallet,2991.57,2024-08-08
6905293278,97259564,2024-08-09,Cash,1404.68,2024-08-09
1769493463,3292927,2024-08-10,Wallet,2541.32,2024-08-10
5003387344,26592009,2024-08-11,Wallet,2475.69,2024-08-11
2064484752,89995124,2024-08-12,Wallet,1949.92,2024-08-12
964822979,88520326,2024-08-13,Wallet,5804.23,2024-08-13
6037899648,22738465,2024-08-14,Cash,1231.03,2024-08-14
9347571484,29562072,2024-08-15,Card,3138.06,2024-08-15
3286177534,10225164,2024-08-16,Wallet,3612.26,2024-08-16
9073572548,97111069,2024-08-17,Card,1091.89,2024-08-17
8395583761,1989720,2024-08-18,UPI,410.62,2024-08-18
6355378227,67092149,2024-08-19,UPI,5019.02,2024-08-19
277376321,89784343,2024-08-20,Wallet,3694.48,2024-08-20
8559748526,45868300,2024-08-21,Wallet,1152.09,2024-08-21
1458051433,50760752,2024-08-22,UPI,1055.18,2024-08-22
5838302640,96795047,2024-08-23,UPI,3377.44,2024-08-23
1380971977,16561710,2024-08-24,Cash,3117.74,2024-08-24
1221099013,35156679,2024-08-25,Wallet,4335.11,2024-08-25
6771166303,87718744,2024-08-26,Wallet,816.38,2024-08-26
7111337755,10524732,2024-08-27,Cash,1550.71,2024-08-27
5562922993,62416456,2024-08-28,Wallet,2292.64,2024-08-28
5630957897,69925688,2024-08-29,Wallet,827.44,2024-08-29
1787380558,5140660,2024-08-30,Cash,2066.77,2024-08-30
32613017,82594354,2024-08-31,Card,2354.28,2024-08-31
2039041670,88324928,2024-09-01,Wallet,96.33,2024-09-01
210693801,71235336,2024-09-02,UPI,3561.22,2024-09-02
8120002258,57833505,2024-09-03,Card,1213.05,2024-09-03
2177917034,12402437,2024-09-04,Card,3134.8,2024-09-04
4254814926,59890331,2024-09-05,Wallet,3818.33,2024-09-05
6074172790,14944819,2024-09-06,Wallet,2008.84,2024-09-06
3381573131,67386193,2024-09-07,Cash,114.52,2024-09-07
3773745777,67701771,2024-09-08,Card,1488.19,2024-09-08
9251939156,89910157,2024-09-09,Cash,891.6,2024-09-09
3872982303,15484407,2024-09-10,Wallet,1779.45,2024-09-10
2625987757,10769994,2024-09-11,UPI,169.88,2024-09-11
3162249401,85519349,2024-09-12,Cash,4406.98,2024-09-12
3108986741,49241309,2024-09-13,Wallet,2401.92,2024-09-13
1851474741,23348269,2024-09-14,Card,3742.79,2024-09-14
2425099132,85016568,2024-09-15,Wallet,2498.22,2024-09-15
6706793332,6247821,2024-09-16,UPI,949.75,2024-09-16
2149289255,57579640,2024-09-17,Cash,2687.31,2024-09-17
1971008155,2457734,2024-09-18,Cash,1866.01,2024-09-18
2087093460,59329145,2024-09-19,Card,4198.33,2024-09-19
2116712588,24043135,2024-09-20,Wallet,44.35,2024-09-20
6054358790,59216664,2024-09-21,Wallet,3217.7,2024-09-21
532660797,41008070,2024-09-22,UPI,2683.73,2024-09-22
1491991005,52215833,2024-09-23,Wallet,3472.55,2024-09-23
4136019599,74179536,2024-09-24,Wallet,1131.05,2024-09-24
2122832513,55028958,2024-09-25,UPI,2037.94,2024-09-25
3717703595,88965399,2024-09-26,Card,1756.7,2024-09-26
3194733693,21866852,2024-09-27,UPI,2552.88,2024-09-27
4471162437,27971619,2024-09-28,Card,3355.65,2024-09-28
1609331948,8791577,2024-09-29,UPI,3648.36,2024-09-29
6920030794,70372270,2024-09-30,UPI,2936.64,2024-09-30
5127172657,32293017,2024-10-01,Cash,2185.5,2024-10-01
8607115856,15931134,2024-10-02,UPI,739.34,2024-10-02
7154957395,60700850,2024-10-03,Wallet,2696.84,2024-10-03
2070762702,34761418,2024-10-04,Cash,2457.2,2024-10-04
3697242439,99361865,2024-10-05,Cash,2179.49,2024-10-05
3063427913,75984768,2024-10-06,Card,4419.03,2024-10-06
2060061337,29272253,2024-10-07,Wallet,3041.62,2024-10-07
4625892678,80371626,2024-10-08,Wallet,3166.49,2024-10-08
6045698170,666589,2024-10-09,UPI,222.15,2024-10-09
7876289647,98858383,2024-10-10,UPI,3218.62,2024-10-10
3434084714,46836361,2024-10-11,Cash,1179.41,2024-10-11
9031695663,94730288,2024-10-12,Card,2316.01,2024-10-12
1955989715,77862447,2024-10-13,Wallet,1931.35,2024-10-13
3459500455,16379942,2024-10-14,UPI,2581.78,2024-10-14
5953376503,79169760,2024-10-15,Wallet,650.2,2024-10-15
121874867,94529626,2024-10-16,UPI,2596.92,2024-10-16
2460545397,42872865,2024-10-17,Wallet,474.34,2024-10-17
9690050839,55803572,2024-10-18,Wallet,2551.93,2024-10-18
2574349065,51547198,2024-10-19,Wallet,4476.55,2024-10-19
2461936988,14428954,2024-10-20,Cash,4196.95,2024-10-20
6447596416,76987910,2024-10-21,Card,4965.12,2024-10-21
7228452275,42262168,2024-10-22,Card,326.42,2024-10-22
6696750742,5277675,2024-10-23,Wallet,2509.56,2024-10-23
822235931,44410149,2024-10-24,Wallet,4866.15,2024-10-24
7678251499,17805991,2024-10-25,Cash,3141.37,2024-10-25
2497341976,9097480,2024-10-26,Wallet,3414.57,2024-10-26
9107314128,79591237,2024-10-27,Wallet,545.49,2024-10-27
9855726256,8651281,2024-10-28,Card,479.57,2024-10-28
9398719862,14991661,2024-10-29,Card,4255,2024-10-29
379494532,9650263,2024-10-30,UPI,3609.27,2024-10-30
1048784963,58942207,2024-10-31,Card,1159.84,2024-10-31
4386246924,69632084,2024-11-01,Card,2026.78,2024-11-01
2050362692,79991320,2024-11-02,Cash,2363.42,2024-11-02
4142963293,34567918,2024-11-03,Cash,3686.26,2024-11-03
9753528654,61522288,2024-11-04,Cash,109.03,2024-11-04
8126970833,14161586,2024-11-05,Wallet,4398.35,2024-11-05
9747814712,16359370,2024-11-06,Wallet,2333.7,2024-11-06
6281619403,77921718,2024-11-07,UPI,3374.44,2024-11-07
436184281,78614729,2024-11-08,Card,3147.92,2024-11-08
9799231260,22077605,2024-11-09,Wallet,872.83,2024-11-09
4071811527,66023110,2024-11-10,Card,1872.01,2024-11-10
5645359563,87160527,2024-11-11,Card,2624.29,2024-11-11
9411813703,62600289,2024-11-12,Wallet,4433,2024-11-12
4270217473,54580166,2024-11-13,Cash,505.5,2024-11-13
279851011,12967305,2024-11-14,Card,3495.33,2024-11-14
6260524887,57081917,2024-11-15,Card,2457.11,2024-11-15
5853998391,94453274,2024-11-16,Wallet,949.22,2024-11-16
9931976872,8955057,2024-11-17,Wallet,2487.83,2024-11-17
8432209832,90346920,2024-11-18,Wallet,3835.31,2024-11-18
6023721507,8791577,2024-11-19,UPI,1849.03,2024-11-19
3042338919,76212152,2024-11-20,Wallet,2765.06,2024-11-20
233646065,16379942,2024-11-21,Wallet,578.85,2024-11-21
9870610018,94033330,2024-11-22,Card,478.79,2024-11-22
1398230967,46876240,2024-11-23,Card,1186.66,2024-11-23
8615488922,92209869,2024-11-24,Card,3803.34,2024-11-24
2748841057,33544355,2024-11-25,Card,1587.18,2024-11-25
1375867721,4862761,2024-11-26,Cash,2244.24,2024-11-26
8595141097,96511007,2024-11-27,UPI,3385.77,2024-11-27
4673382071,21784094,2024-11-28,UPI,1479.69,2024-11-28
2948696008,51872499,2024-11-29,Cash,3103.41,2024-11-29
6839692624,64497538,2024-11-30,Cash,4464.84,2024-11-30
5770951298,75510747,2024-12-01,UPI,957.11,2024-12-01
5084771819,6344345,2024-12-02,Cash,1207.68,2024-12-02
422403644,56548063,2024-12-03,UPI,2331.5,2024-12-03
7176758896,18394558,2024-12-04,Cash,2640.24,2024-12-04
8252905093,42589311,2024-12-05,Card,2315.77,2024-12-05
1488561572,75928073,2024-12-06,Cash,4053.52,2024-12-06
6212984517,72702075,2024-12-07,UPI,1388.01,2024-12-07
6309784337,26250082,2024-12-08,Card,1905.92,2024-12-08
4613890018,53538932,2024-12-09,Wallet,1545.79,2024-12-09
3429728472,64017365,2024-12-10,Cash,4138.27,2024-12-10
267738904,63368244,2024-12-11,Card,3596.07,2024-12-11
3850416839,57081917,2024-12-12,UPI,5490.94,2024-12-12
3412702479,86479284,2024-12-13,Cash,2344.83,2024-12-13
2016183232,44928499,2024-12-14,Card,1934.43,2024-12-14
3810280204,84361534,2024-12-15,Wallet,2956.37,2024-12-15
2416767295,767523,2024-12-16,Card,2358.76,2024-12-16
2283439407,46623192,2024-12-17,UPI,1216.8,2024-12-17
4328802292,9738801,2024-12-18,Cash,1926.12,2024-12-18
7072715691,74195536,2024-12-19,Cash,2120.77,2024-12-19
5640741373,90298394,2024-12-20,Card,765.76,2024-12-20
6931094066,17159117,2024-12-21,Card,2802.27,2024-12-21
3417088709,62629494,2024-12-22,UPI,912.29,2024-12-22
4424404315,9274874,2024-12-23,Wallet,494.48,2024-12-23
2444087306,56250563,2024-12-24,Wallet,2440.73,2024-12-24
486085268,51040116,2024-12-25,UPI,4749.99,2024-12-25
1731312620,49795571,2024-12-26,Wallet,843.21,2024-12-26
6475582506,82529927,2024-12-27,Wallet,3895.25,2024-12-27
1868581378,93198324,2024-12-28,Card,2065.81,2024-12-28
8884235937,20298398,2024-12-29,UPI,1655.6,2024-12-29
4590662628,87200291,2024-12-30,Cash,3148.95,2024-12-30
992302540,32203588,2024-12-31,Wallet,198.72,2024-12-31
7169974633,59110513,2025-01-01,UPI,2475.21,2025-01-01
6703651257,93198324,2025-01-02,Card,727.87,2025-01-02
7180810221,20940403,2025-01-03,Cash,657.8,2025-01-03
7875587578,60967677,2025-01-04,Card,3351.74,2025-01-04
2578671497,76218218,2025-01-05,Card,3603.94,2025-01-05
6284350691,57207678,2025-01-06,Wallet,726.41,2025-01-06
5383261788,34588087,2025-01-07,Wallet,3375.86,2025-01-07
6590867973,56441247,2025-01-08,UPI,1848.22,2025-01-08
8787105023,81822935,2025-01-09,Wallet,1443.64,2025-01-09
1402916311,14275043,2025-01-10,Card,4553.36,2025-01-10
9715205272,52409516,2025-01-11,UPI,1189.17,2025-01-11
3946852375,96253172,2025-01-12,Cash,150.99,2025-01-12
3367039425,86050297,2025-01-13,UPI,703.11,2025-01-13
687711388,52757321,2025-01-14,Card,1385.43,2025-01-14
647012431,34281470,2025-01-15,Card,3706.1,2025-01-15
7143278295,50557979,2025-01-16,UPI,1597.11,2025-01-16
9736844695,31978160,2025-01-17,Cash,1608.11,2025-01-17
5933289680,5751638,2025-01-18,Wallet,2950.6,2025-01-18
9494303116,98858383,2025-01-19,Card,1538.49,2025-01-19
9337878102,9987182,2025-01-20,Wallet,3119.18,2025-01-20
6872621077,77128325,2025-01-21,Wallet,3611.43,2025-01-21
7330237253,28428852,2025-01-22,UPI,869.86,2025-01-22
7942616242,33685414,2025-01-23,Wallet,1116,2025-01-23
238520071,77320193,2025-01-24,Cash,852.02,2025-01-24
5812379362,46504355,2025-01-25,Wallet,3865.78,2025-01-25
2616623847,49915498,2025-01-26,Cash,3928,2025-01-26
2040854480,40392019,2025-01-27,Wallet,946.86,2025-01-27
5456484560,62600289,2025-01-28,UPI,1630.68,2025-01-28
883309006,71229024,2025-01-29,Cash,1427.84,2025-01-29
6528341992,64497538,2025-01-30,Wallet,2360.73,2025-01-30
3263203775,44888581,2025-01-31,UPI,826.28,2025-01-31
3660010934,83577942,2025-02-01,Wallet,787.4,2025-02-01
7944885043,1683786,2025-02-02,Card,4410.72,2025-02-02
2506369831,1529180,2025-02-03,UPI,255.35,2025-02-03
697061213,91196901,2025-02-04,Card,4473.11,2025-02-04
7079057004,1507408,2025-02-05,Card,1946.09,2025-02-05
1556153632,67215939,2025-02-06,Wallet,1277.85,2025-02-06
2161235338,38902882,2025-02-07,Wallet,4431.77,2025-02-07
1247978468,97484394,2025-02-08,UPI,1662.15,2025-02-08
5437627061,58505903,2025-02-09,UPI,910.19,2025-02-09
9091960039,13455530,2025-02-10,Card,1349.36,2025-02-10
619198317,81906973,2025-02-11,UPI,4216.63,2025-02-11
9833179291,90372221,2025-02-12,UPI,483.05,2025-02-12
4148760273,93122847,2025-02-13,UPI,994.97,2025-02-13
7206041763,74694186,2025-02-14,Card,162.67,2025-02-14
690097648,2684440,2025-02-15,Cash,3471.29,2025-02-15
4197061567,52757321,2025-02-16,UPI,3685.3,2025-02-16
2009394836,55056284,2025-02-17,UPI,1159.53,2025-02-17
277502363,88203688,2025-02-18,Card,2682.72,2025-02-18
4356959622,38709137,2025-02-19,Cash,2128.54,2025-02-19
174306009,87457446,2025-02-20,UPI,2424.07,2025-02-20
9582674091,34237583,2025-02-21,UPI,951.43,2025-02-21
8675579025,44409533,2025-02-22,Card,2636.86,2025-02-22
5195999941,52757321,2025-02-23,Card,2298.98,2025-02-23
5210007923,97507853,2025-02-24,Cash,1278.93,2025-02-24
6595771960,45700473,2025-02-25,Cash,4251.75,2025-02-25
4247338382,34853377,2025-02-26,Cash,989.88,2025-02-26
819143326,88324928,2025-02-27,Cash,3284.6,2025-02-27
3830844750,23996221,2025-02-28,UPI,1663.27,2025-02-28
1687314172,82425179,2025-03-01,Cash,3835.73,2025-03-01
6756007265,80850753,2025-03-02,Wallet,1848.13,2025-03-02
489762747,19482392,2025-03-03,Card,766.2,2025-03-03
7509195875,42723554,2025-03-04,Card,4237.4,2025-03-04
2370917070,5763963,2025-03-05,Card,2639.9,2025-03-05
2055388266,119099,2025-03-06,UPI,3722.37,2025-03-06
8969304162,43052303,2025-03-07,Wallet,1264.98,2025-03-07
5412674107,88111697,2025-03-08,Cash,2646.85,2025-03-08
1536516619,15631726,2025-03-09,Wallet,3466.59,2025-03-09
3858907413,89910157,2025-03-10,Cash,3427.43,2025-03-10
4976389251,79478655,2025-03-11,Card,1146.95,2025-03-11
2218319201,40587811,2025-03-12,Wallet,1216.48,2025-03-12
6729422433,68159723,2025-03-13,UPI,3405.78,2025-03-13
1354097448,98687927,2025-03-14,Card,3401.69,2025-03-14
8952275304,81174361,2025-03-15,Cash,2474.23,2025-03-15
436603801,54619715,2025-03-16,Cash,838.89,2025-03-16
5273875984,9278983,2025-03-17,Cash,2682.38,2025-03-17
9290203003,21573815,2025-03-18,Cash,2133.39,2025-03-18
6240982373,91243571,2025-03-19,Cash,3393.08,2025-03-19
2718348206,5763963,2025-03-20,UPI,632.43,2025-03-20
4903544026,57331847,2025-03-21,Cash,3778.46,2025-03-21
2827266949,93675757,2025-03-22,Card,3334.82,2025-03-22
4278423074,67708491,2025-03-23,Cash,1073.53,2025-03-23
645916247,76857266,2025-03-24,Cash,4465.9,2025-03-24
5816647866,81420960,2025-03-25,Cash,2323.45,2025-03-25
7282397914,97825663,2025-03-26,Cash,2043.65,2025-03-26
3260611473,12832151,2025-03-27,Cash,2731.48,2025-03-27
8638163868,87718744,2025-03-28,Card,4272.81,2025-03-28
177850987,51174875,2025-03-29,UPI,1934.67,2025-03-29
9653859166,32987624,2025-03-30,Wallet,2978.36,2025-03-30
9991338690,98444183,2025-03-31,Cash,3273.99,2025-03-31
1714593246,27698051,2025-04-01,Wallet,1100.8,2025-04-01
9742461226,34095555,2025-04-02,UPI,949.56,2025-04-02
3314393477,55170753,2025-04-03,Cash,934.75,2025-04-03
4188317986,42366724,2025-04-04,Wallet,3448.71,2025-04-04
1646665366,51387106,2025-04-05,Wallet,1086.27,2025-04-05
9558804585,82700270,2025-04-06,Card,848.94,2025-04-06
9047652469,71902700,2025-04-07,Card,370.06,2025-04-07
2893800377,57892837,2025-04-08,Card,1966.14,2025-04-08
6139157985,88517890,2025-04-09,Wallet,1623.51,2025-04-09
6029394789,7591711,2025-04-10,UPI,2118.04,2025-04-10
5874940276,38875754,2025-04-11,UPI,546.43,2025-04-11
5205211911,57662767,2025-04-12,Cash,1098.4,2025-04-12
5314758068,48776805,2025-04-13,Card,4183.29,2025-04-13
484869710,6756256,2025-04-14,Cash,1429.34,2025-04-14
9957728938,25915909,2025-04-15,UPI,1445.95,2025-04-15
3136056666,57770044,2025-04-16,UPI,211.25,2025-04-16
4926104391,47206881,2025-04-17,Wallet,2029.88,2025-04-17
1827844756,16785724,2025-04-18,UPI,3372.28,2025-04-18
7032037874,57291761,2025-04-19,UPI,1694.99,2025-04-19
3779230503,46699982,2025-04-20,Card,2781.39,2025-04-20
3473012553,89669139,2025-04-21,Card,5062.8,2025-04-21
7988504487,8164639,2025-04-22,Wallet,3511.92,2025-04-22
7193792738,84572019,2025-04-23,Card,2817.36,2025-04-23
1533583386,35912599,2025-04-24,Wallet,4869.76,2025-04-24
7750989397,79672044,2025-04-25,Wallet,4099.45,2025-04-25
4434816229,63292875,2025-04-26,Wallet,1491.21,2025-04-26
6896732047,62068277,2025-04-27,Cash,321.33,2025-04-27
4740837071,64795608,2025-04-28,UPI,5428.69,2025-04-28
6649631729,75640174,2025-04-29,Card,1082.76,2025-04-29
5351526726,75892474,2025-04-30,Cash,3077.83,2025-04-30
1506082041,11446157,2025-05-01,Card,4917.47,2025-05-01
1023260165,10683250,2025-05-02,Card,741.67,2025-05-02
8257032403,17805991,2025-05-03,Wallet,3177.73,2025-05-03
7216524192,72605638,2025-05-04,Card,227.22,2025-05-04
8619795820,98687927,2025-05-05,Card,2686.37,2025-05-05
6494708839,25595836,2025-05-06,Cash,2789.77,2025-05-06
9859249765,5039883,2025-05-07,UPI,1812.4,2025-05-07
3528020011,33675108,2025-05-08,Cash,934.98,2025-05-08
5937934264,90346920,2025-05-09,Card,3551.15,2025-05-09
2976477423,57213543,2025-05-10,Wallet,1277.83,2025-05-10
1002438039,85198177,2025-05-11,Card,3775.99,2025-05-11
2571163022,59345983,2025-05-12,Cash,674.39,2025-05-12
6850221497,21270783,2025-05-13,UPI,3496.28,2025-05-13
4706569127,68016312,2025-05-14,Wallet,687.19,2025-05-14
8168261752,65903057,2025-05-15,Card,1860.29,2025-05-15
5828325906,40587811,2025-05-16,Wallet,4230.58,2025-05-16
5012271549,73061709,2025-05-17,Cash,769.83,2025-05-17
8110316958,61226835,2025-05-18,Wallet,806.56,2025-05-18
3190808443,77618011,2025-05-19,Cash,2593.91,2025-05-19
7175472728,9551011,2025-05-20,UPI,307.23,2025-05-20
6011117738,24337950,2025-05-21,Card,2539.66,2025-05-21
5592928753,46875863,2025-05-22,UPI,3473.11,2025-05-22
3952040848,31156674,2025-05-23,UPI,4818.61,2025-05-23
7026479520,81994445,2025-05-24,Cash,1691.47,2025-05-24
6572695161,64197854,2025-05-25,Wallet,1671.67,2025-05-25
9090769419,66485571,2025-05-26,Wallet,1819.14,2025-05-26
5979489110,22161071,2025-05-27,Card,2337.12,2025-05-27
964698323,81763298,2025-05-28,Wallet,2352.88,2025-05-28
2304242664,65815155,2025-05-29,Card,1579.28,2025-05-29
2483843748,26040510,2025-05-30,Wallet,1692.9,2025-05-30
2560588609,6291143,2025-05-31,UPI,319.34,2025-05-31
9268920928,17805991,2025-06-01,Cash,1404.2,2025-06-01
9554019312,6247821,2025-06-02,UPI,4088.52,2025-06-02
3749174258,38902193,2025-06-03,Wallet,2618.07,2025-06-03
3947164241,95768401,2025-06-04,UPI,1463.39,2025-06-04
487327038,67277562,2025-06-05,UPI,563.45,2025-06-05
8830321199,93341057,2025-06-06,Cash,46.62,2025-06-06
3811318591,64940409,2025-06-07,UPI,1563.3,2025-06-07
6795601573,46629917,2025-06-08,Card,2301.92,2025-06-08
2348495717,86067293,2025-06-09,Cash,691.58,2025-06-09
9505736584,63571453,2025-06-10,Wallet,826.21,2025-06-10
1857227304,99301505,2025-06-11,Card,1443.5,2025-06-11
5506485302,66655397,2025-06-12,Cash,263.7,2025-06-12
6074837981,61015113,2025-06-13,Card,832.37,2025-06-13
4150569633,2903620,2025-06-14,Card,2206.06,2025-06-14
609838437,54619715,2025-06-15,Card,310.69,2025-06-15
5229657139,18889370,2025-06-16,Cash,3483.81,2025-06-16
2589639350,64141971,2025-06-17,UPI,1917.97,2025-06-17
7656948165,44410149,2025-06-18,Wallet,3332.9,2025-06-18
1806563605,25659794,2025-06-19,Wallet,5747.38,2025-06-19
359819834,12755730,2025-06-20,UPI,2060.96,2025-06-20
1908423841,56441247,2025-06-21,UPI,881.17,2025-06-21
299859815,2848415,2025-06-22,Wallet,1233.33,2025-06-22
923659418,25081012,2025-06-23,Wallet,2700.37,2025-06-23
3560625119,82989313,2025-06-24,Wallet,2722.14,2025-06-24
7111490680,32500305,2025-06-25,Card,1337.06,2025-06-25
5766981431,93675757,2025-06-26,UPI,1178.42,2025-06-26
8609945311,51670882,2025-06-27,Wallet,2238.35,2025-06-27
1691260635,80796977,2025-06-28,Card,3593.61,2025-06-28
8742091504,78254569,2025-06-29,Card,2783.84,2025-06-29
1997833025,72489544,2025-06-30,UPI,1074.29,2025-06-30
3588296877,83404008,2025-07-01,Card,2748.08,2025-07-01
2404804990,81757554,2025-07-02,Wallet,3903.99,2025-07-02
8091385479,16082651,2025-07-03,UPI,317.8,2025-07-03
7133174424,8513589,2025-07-04,UPI,4911.58,2025-07-04
6110446321,78412820,2025-07-05,Wallet,657.8,2025-07-05
6964586050,4597433,2025-07-06,Cash,2824.9,2025-07-06
2351986014,85626346,2025-07-07,Wallet,3434.75,2025-07-07
352569720,65660660,2025-07-08,Wallet,2081.26,2025-07-08
1235280275,46875863,2025-07-09,Cash,626.59,2025-07-09
9399859705,57548210,2025-07-10,UPI,3915.04,2025-07-10
7530379037,99729547,2025-07-11,UPI,1496.89,2025-07-11
5952886441,16420489,2025-07-12,Wallet,3604.38,2025-07-12
5815833211,31940833,2025-07-13,Card,1691.9,2025-07-13
7307394687,47043878,2025-07-14,Wallet,1894.83,2025-07-14
6033014029,29525287,2025-07-15,Cash,1534.73,2025-07-15
1409944718,39042103,2025-07-16,UPI,2483.94,2025-07-16
1811382200,37915052,2025-07-17,UPI,3949.87,2025-07-17
4485391413,11478478,2025-07-18,Card,1293.18,2025-07-18
4076279641,89476734,2025-07-19,UPI,4782.5,2025-07-19
2965387566,47955004,2025-07-20,Wallet,3578.47,2025-07-20
9397774189,92245432,2025-07-21,Cash,48.55,2025-07-21
1437159967,68016312,2025-07-22,Cash,1315.84,2025-07-22
8397785448,67952740,2025-07-23,Wallet,1325.59,2025-07-23
2778606949,33675108,2025-07-24,Card,3510.28,2025-07-24
1774096863,60656482,2025-07-25,Wallet,2645.28,2025-07-25
1497256618,87220860,2025-07-26,Card,5278.23,2025-07-26
734095510,56480776,2025-07-27,Card,1614.08,2025-07-27
5755859055,79592021,2025-07-28,Card,354.52,2025-07-28
5840290569,99490786,2025-07-29,Wallet,2578.09,2025-07-29
8200985533,1855421,2025-07-30,Card,77.11,2025-07-30
3255590064,92642745,2025-07-31,UPI,1763.6,2025-07-31
4258404747,27692428,2025-08-01,UPI,953.65,2025-08-01
2455161115,27620326,2025-08-02,UPI,1010.85,2025-08-02
4448004569,47215976,2025-08-03,Card,2058.24,2025-08-03
5951090793,27878182,2025-08-04,UPI,2143.89,2025-08-04
7402491996,92509376,2025-08-05,Card,866.77,2025-08-05
8532411923,57360162,2025-08-06,Wallet,1071.82,2025-08-06
7130555385,37309023,2025-08-07,Cash,1539.36,2025-08-07
4338197132,66310963,2025-08-08,UPI,3327.67,2025-08-08
8044366071,80833965,2025-08-09,Card,2843.12,2025-08-09
4135251774,77961205,2025-08-10,Card,2487.3,2025-08-10
6331483812,97411107,2025-08-11,Wallet,493.19,2025-08-11
6705171000,52417972,2025-08-12,Wallet,1912.64,2025-08-12
7850128898,38478423,2025-08-13,Card,1427.18,2025-08-13
3602554049,65815155,2025-08-14,Wallet,3310.35,2025-08-14
1070259187,22738465,2025-08-15,Wallet,517.77,2025-08-15
8412338399,2566268,2025-08-16,Card,3825.11,2025-08-16
1478022303,69353754,2025-08-17,Wallet,841.61,2025-08-17
2376108199,81757554,2025-08-18,Card,1751.17,2025-08-18
5243035202,10541231,2025-08-19,Card,1688.35,2025-08-19
3687581971,81932548,2025-08-20,Cash,1046.51,2025-08-20
7008586055,96109948,2025-08-21,Wallet,2848.4,2025-08-21
5142069216,35459748,2025-08-22,UPI,2551.88,2025-08-22
4152441944,92636025,2025-08-23,UPI,4483.92,2025-08-23
5601670348,32830199,2025-08-24,Cash,354.91,2025-08-24
605105099,5039883,2025-08-25,Cash,3357.25,2025-08-25
4054936140,28286754,2025-08-26,Cash,400.92,2025-08-26
8741892156,66886852,2025-08-27,Card,2046.92,2025-08-27
9143640828,90298394,2025-08-28,Card,1205.86,2025-08-28
6900876252,87984862,2025-08-29,Wallet,3214.61,2025-08-29
9801174908,54347213,2025-08-30,Card,1487.04,2025-08-30
551343632,59840071,2025-08-31,Cash,4881.51,2025-08-31
7961173808,90184276,2025-09-01,UPI,2802.91,2025-09-01
328909145,36146306,2025-09-02,Wallet,1851.18,2025-09-02
5551173528,64151769,2025-09-03,Card,2549.37,2025-09-03
4461788759,79895967,2025-09-04,Wallet,4562.67,2025-09-04
7256212429,28350645,2025-09-05,Cash,727.95,2025-09-05
9104077642,18199057,2025-09-06,Cash,1869.79,2025-09-06
2914056235,31456752,2025-09-07,Card,432.39,2025-09-07
9127632807,81528623,2025-09-08,UPI,886.19,2025-09-08
6070154414,45052594,2025-09-09,Cash,2471.11,2025-09-09
2318969828,2457734,2025-09-10,Cash,1946.42,2025-09-10
3813047994,60275891,2025-09-11,Cash,3494.17,2025-09-11
1416102774,92245432,2025-09-12,UPI,2657.83,2025-09-12
8086834412,23286884,2025-09-13,Wallet,4748.88,2025-09-13
6193826826,85561151,2025-09-14,Cash,166.42,2025-09-14
8444509148,64141971,2025-09-15,Wallet,5368.83,2025-09-15
42332130,70363568,2025-09-16,Wallet,1441.07,2025-09-16
6009342120,59620534,2025-09-17,Wallet,1402.9,2025-09-17
4818516411,85006599,2025-09-18,Wallet,938.03,2025-09-18
1039229544,93730857,2025-09-19,Cash,3303.2,2025-09-19
1515943657,59436131,2025-09-20,UPI,2745.46,2025-09-20
9183547951,19259955,2025-09-21,UPI,3075.69,2025-09-21
8478376092,91500615,2025-09-22,Wallet,4535.63,2025-09-22
1454073903,89874335,2025-09-23,Card,2976.93,2025-09-23
2855402284,33370343,2025-09-24,Wallet,3570.08,2025-09-24
7245730533,51670882,2025-09-25,UPI,475.04,2025-09-25
2272892659,24308515,2025-09-26,Wallet,2182.59,2025-09-26
9087377568,54038173,2025-09-27,UPI,2490.79,2025-09-27
8443685057,19400174,2025-09-28,Card,3804.03,2025-09-28
1590988730,42208242,2025-09-29,Cash,1928.1,2025-09-29
7357811417,26364643,2025-09-30,UPI,5692.84,2025-09-30
394951937,65406127,2025-10-01,Cash,1517.52,2025-10-01
3967445448,20148223,2025-10-02,Card,154.5,2025-10-02
6101022928,10088428,2025-10-03,Card,1253.07,2025-10-03
6322372546,43052303,2025-10-04,Wallet,3383.58,2025-10-04
9778782281,63025744,2025-10-05,Card,477.12,2025-10-05
3867563962,14940427,2025-10-06,Wallet,2417.68,2025-10-06
9277710098,38969732,2025-10-07,Cash,1807.12,2025-10-07
7669322773,6081270,2025-10-08,Card,836.16,2025-10-08
3917427529,68159723,2025-10-09,Cash,3772.26,2025-10-09
1934158144,65134271,2025-10-10,Card,415.75,2025-10-10
3157338466,243838,2025-10-11,UPI,2859.05,2025-10-11
9640662474,74761384,2025-10-12,Cash,1420.64,2025-10-12
2356272189,42432226,2025-10-13,Card,313.77,2025-10-13
1380510406,54338574,2025-10-14,Wallet,3015.14,2025-10-14
8008377895,23794330,2025-10-15,Card,850.06,2025-10-15
3680678403,57537308,2025-10-16,UPI,3346.47,2025-10-16
2847236502,6812439,2025-10-17,Wallet,127.08,2025-10-17
5212392063,75510747,2025-10-18,Card,4005.87,2025-10-18
3804024939,91566278,2025-10-19,Card,2791.42,2025-10-19
5395870775,18394558,2025-10-20,Card,3064.35,2025-10-20
511736499,38615653,2025-10-21,Card,2993.04,2025-10-21
2895886759,69863493,2025-10-22,Card,3005.64,2025-10-22
6638513435,32809328,2025-10-23,Cash,68.49,2025-10-23
4168083780,13581527,2025-10-24,Wallet,1489.58,2025-10-24
2501516144,88252625,2025-10-25,Cash,48.55,2025-10-25
7141387557,98246574,2025-10-26,Wallet,4664.16,2025-10-26
2747350024,75860724,2025-10-27,UPI,793.14,2025-10-27
9503407492,29272253,2025-10-28,Wallet,1932.17,2025-10-28
4845607487,78053306,2025-10-29,Cash,646.54,2025-10-29
2051769691,30447453,2025-10-30,UPI,1255.53,2025-10-30
1092990139,85476508,2025-10-31,Card,3410.49,2025-10-31
5527612319,14632090,2025-11-01,Wallet,2445.2,2025-11-01
8852367079,22694456,2025-11-02,Wallet,3115.43,2025-11-02
1666202264,85474732,2025-11-03,Cash,2389.83,2025-11-03
8606484804,41155125,2025-11-04,UPI,2409.69,2025-11-04
8905341102,80862136,2025-11-05,Cash,2542.21,2025-11-05
5418735913,10210309,2025-11-06,Cash,2190.34,2025-11-06
970377475,48167795,2025-11-07,Card,22.04,2025-11-07
7320527109,83298567,2025-11-08,UPI,1372.37,2025-11-08
5120698,44174426,2025-11-09,Wallet,3064.36,2025-11-09
3812396179,24496983,2025-11-10,Card,1445.54,2025-11-10
8178951021,46208150,2025-11-11,UPI,3095.39,2025-11-11
2479115586,55056284,2025-11-12,Wallet,1876.69,2025-11-12
6239453389,26285589,2025-11-13,Wallet,2424.72,2025-11-13
3136508414,13585482,2025-11-14,Cash,2242.5,2025-11-14
5521273487,6992801,2025-11-15,Cash,942.37,2025-11-15
5445047872,37802267,2025-11-16,Card,927.52,2025-11-16
3678525130,36428139,2025-11-17,UPI,1650.3,2025-11-17
9328056960,81229704,2025-11-18,Cash,445.48,2025-11-18
2109203997,40277444,2025-11-19,Cash,1463.17,2025-11-19
556665455,32500305,2025-11-20,Card,715.72,2025-11-20
6573705785,24000329,2025-11-21,Wallet,1864.68,2025-11-21
2609502403,2058037,2025-11-22,Wallet,3105.12,2025-11-22
1463293930,85354059,2025-11-23,UPI,2859.25,2025-11-23
8132887999,84456355,2025-11-24,Wallet,3379,2025-11-24
7178789018,46208150,2025-11-25,Wallet,2166.39,2025-11-25
2295700159,83023956,2025-11-26,Card,1413.77,2025-11-26
9277089038,35988028,2025-11-27,Wallet,1401.29,2025-11-27
145057465,54923640,2025-11-28,Cash,1590.17,2025-11-28
9452353274,97770901,2025-11-29,Cash,4410.72,2025-11-29
5434328922,67340606,2025-11-30,Card,2877.57,2025-11-30
3327051807,99707100,2025-12-01,Card,2141.39,2025-12-01
1461604569,25713335,2025-12-02,UPI,3604.01,2025-12-02
606518084,78725001,2025-12-03,Cash,1424.47,2025-12-03
7637625389,13122744,2025-12-04,Card,2013.55,2025-12-04
7311621328,30891209,2025-12-05,Wallet,2639.67,2025-12-05
8790217194,38244021,2025-12-06,Wallet,1666.68,2025-12-06
1772445313,13071673,2025-12-07,Card,2441.43,2025-12-07
159394992,35358395,2025-12-08,Card,611.71,2025-12-08
7992910755,76218218,2025-12-09,Wallet,3156.54,2025-12-09
1786931285,1719710,2025-12-10,Wallet,778.9,2025-12-10
2225520858,95372766,2025-12-11,Cash,3519.46,2025-12-11
5635738740,33034249,2025-12-12,UPI,2920.62,2025-12-12
2230824358,41878908,2025-12-13,Cash,2302.29,2025-12-13
9217211301,52085702,2025-12-14,Cash,4441.76,2025-12-14
4501870609,16082651,2025-12-15,Cash,2253.3,2025-12-15
838401679,89699655,2025-12-16,Wallet,1430.39,2025-12-16
9587315528,66440188,2025-12-17,Wallet,1019.38,2025-12-17
3122936945,95001589,2025-12-18,Cash,397.68,2025-12-18
6093390755,32054313,2025-12-19,Card,1872.67,2025-12-19
2032956677,66932104,2025-12-20,Wallet,1051.16,2025-12-20
1488430001,67092149,2025-12-21,Card,3630.56,2025-12-21
615391848,65570302,2025-12-22,Cash,1041.18,2025-12-22
8686093533,30823988,2025-12-23,Cash,2197.24,2025-12-23
7038758506,68714053,2025-12-24,Wallet,77.11,2025-12-24
2385966456,12184293,2025-12-25,UPI,4160.4,2025-12-25
259622674,61002154,2025-12-26,Card,3081.38,2025-12-26
2580381935,4394659,2025-12-27,Cash,4613.37,2025-12-27
5035471587,18140588,2025-12-28,Card,3405.27,2025-12-28
9421270813,26844216,2025-12-29,Wallet,2787.46,2025-12-29
1831516625,46629917,2025-12-30,Card,3008.01,2025-12-30
1918841793,95334407,2025-12-31,Wallet,3273.77,2025-12-31
1757159071,59094034,2026-01-01,Cash,3571.03,2026-01-01
7589464630,91196901,2026-01-02,UPI,6543.19,2026-01-02
1577085460,74682740,2026-01-03,Wallet,2599.08,2026-01-03
2279018877,40305293,2026-01-04,Wallet,1890.73,2026-01-04
7431412128,96989204,2026-01-05,UPI,2184.61,2026-01-05
8781520615,85519349,2026-01-06,Wallet,3343.42,2026-01-06
1276192882,97678578,2026-01-07,UPI,2375.85,2026-01-07
4065794921,85518832,2026-01-08,Cash,3403.34,2026-01-08
1690800946,79764458,2026-01-09,UPI,2559.17,2026-01-09
877883470,1200365,2026-01-10,UPI,393.43,2026-01-10
7322044533,48730063,2026-01-11,Wallet,738.65,2026-01-11
5243163885,19275474,2026-01-12,Wallet,2412.89,2026-01-12
4360255357,15529446,2026-01-13,Cash,97.04,2026-01-13
9623306038,51669263,2026-01-14,Wallet,3299.65,2026-01-14
6282385286,6150721,2026-01-15,Cash,2500.44,2026-01-15
1001900652,30367559,2026-01-16,Card,1456.96,2026-01-16
5161988291,65618148,2026-01-17,UPI,3577.33,2026-01-17
3597752998,37759707,2026-01-18,Card,1565.04,2026-01-18
9074325310,35435896,2026-01-19,Cash,1714.38,2026-01-19
8875965392,41395224,2026-01-20,Cash,2419.46,2026-01-20
971081962,73428596,2026-01-21,UPI,1511.54,2026-01-21
1948332638,62323608,2026-01-22,Card,2530.18,2026-01-22
1785558780,18986315,2026-01-23,Wallet,1996.55,2026-01-23
7590462053,18326028,2026-01-24,Wallet,833.93,2026-01-24
2135743860,73392739,2026-01-25,UPI,4043.72,2026-01-25
9851365751,12832151,2026-01-26,Cash,1413.06,2026-01-26
9243090480,13760839,2026-01-27,UPI,1252.94,2026-01-27
7168596454,35690581,2026-01-28,UPI,2795.12,2026-01-28
2483565595,21701991,2026-01-29,Cash,1267.5,2026-01-29
2484470052,84848018,2026-01-30,Cash,1426.56,2026-01-30
7702588270,55094848,2026-01-31,Card,3867.53,2026-01-31
5992338333,9738801,2026-02-01,Cash,3121.04,2026-02-01
9196796718,68941950,2026-02-02,Wallet,4037.78,2026-02-02
3291765954,57523973,2026-02-03,UPI,1651.89,2026-02-03
652616858,10663246,2026-02-04,Card,2832.35,2026-02-04
2613508245,45028365,2026-02-05,UPI,3349.73,2026-02-05
8169361928,8241122,2026-02-06,Cash,1746.24,2026-02-06
9395982132,58170168,2026-02-07,Card,1545.49,2026-02-07
1914701538,64722323,2026-02-08,UPI,3606.37,2026-02-08
6236279358,97141762,2026-02-09,Card,2832.2,2026-02-09
2288561509,11047835,2026-02-10,Cash,1272.76,2026-02-10
2010415757,43295656,2026-02-11,UPI,1666.99,2026-02-11
7164827734,9195970,2026-02-12,UPI,1809.72,2026-02-12
7971819985,48511124,2026-02-13,Wallet,4188.82,2026-02-13
8234021674,41073776,2026-02-14,Cash,3201.25,2026-02-14
4274404843,48418662,2026-02-15,Card,1013.88,2026-02-15
7353519273,80761521,2026-02-16,Cash,1882.23,2026-02-16
8539612501,22846435,2026-02-17,Wallet,1543.13,2026-02-17
5894327065,35133191,2026-02-18,Card,1725.22,2026-02-18
77053363,74172010,2026-02-19,UPI,4566.21,2026-02-19
4467084478,30447453,2026-02-20,Card,2928.16,2026-02-20
3514036230,84937877,2026-02-21,Cash,1722.88,2026-02-21
4720421794,72089140,2026-02-22,Wallet,2816.58,2026-02-22
3202903413,12507907,2026-02-23,Cash,715.37,2026-02-23
6938082428,19741509,2026-02-24,Cash,2010.44,2026-02-24
9202941711,59240916,2026-02-25,Wallet,3288.74,2026-02-25
8963522960,11143197,2026-02-26,Cash,1757.33,2026-02-26
9266835891,14207332,2026-02-27,Wallet,2994.7,2026-02-27
5265722064,52032226,2026-02-28,Cash,1614.35,2026-02-28
5514326011,95364457,2026-03-01,Wallet,3485.63,2026-03-01
9578652103,34839913,2026-03-02,UPI,1342.89,2026-03-02
3559061334,79991320,2026-03-03,UPI,3157.25,2026-03-03
637944734,60698094,2026-03-04,Card,4026.32,2026-03-04
7454643275,18229949,2026-03-05,Cash,102.44,2026-03-05
4319342350,99160348,2026-03-06,Card,4281.94,2026-03-06
7568450733,59518795,2026-03-07,Wallet,1049.09,2026-03-07
734744305,60698094,2026-03-08,Wallet,2043.02,2026-03-08
5233331050,85561151,2026-03-09,UPI,84.2,2026-03-09
8326867788,17939362,2026-03-10,Card,1213.48,2026-03-10
8368819094,42432226,2026-03-11,Wallet,572.12,2026-03-11
8700151605,19275474,2026-03-12,Wallet,1301.73,2026-03-12
6269179048,469006,2026-03-13,Wallet,1864.85,2026-03-13
1265254177,46378942,2026-03-14,Card,3988.44,2026-03-14
9858963919,40858753,2026-03-15,Wallet,481.63,2026-03-15
7279564594,91566278,2026-03-16,Card,1226.55,2026-03-16
6983253839,62629494,2026-03-17,Wallet,3115.93,2026-03-17
9479808024,62679120,2026-03-18,Card,3628.88,2026-03-18
3583522679,6668498,2026-03-19,Wallet,4148.39,2026-03-19
1923226423,39042103,2026-03-20,Card,3344.78,2026-03-20
664198080,89036169,2026-03-21,Cash,443.17,2026-03-21
4224700084,11478478,2026-03-22,Wallet,1568.53,2026-03-22
969621016,13465850,2026-03-23,Wallet,2542.59,2026-03-23
8178275820,55060796,2026-03-24,Cash,2755.74,2026-03-24
4949766982,99734256,2026-03-25,Cash,1560.71,2026-03-25
5258344385,12867472,2026-03-26,Wallet,641.76,2026-03-26
8101930640,92306841,2026-03-27,Wallet,450.23,2026-03-27
6703316563,89669139,2026-03-28,Wallet,396.41,2026-03-28
7680297690,1705969,2026-03-29,Wallet,2864.1,2026-03-29
7256340388,30042971,2026-03-30,Wallet,785.67,2026-03-30
2538269668,48778633,2026-03-31,Cash,1348.52,2026-03-31
7506762237,98225598,2026-04-01,Card,2326.62,2026-04-01
6585436114,65895091,2026-04-02,Wallet,3131.69,2026-04-02
9852996866,19145354,2026-04-03,Wallet,1525.58,2026-04-03
1991135167,46699982,2026-04-04,Wallet,3986.02,2026-04-04
7765110772,33871107,2026-04-05,UPI,3157.37,2026-04-05
3520718052,6856445,2026-04-06,Cash,2846.05,2026-04-06
5388573375,77128325,2026-04-07,Cash,3993.4,2026-04-07
8977771682,30979436,2026-04-08,Card,1212.41,2026-04-08
3596900942,63349378,2026-04-09,Wallet,616.62,2026-04-09
155295996,24517523,2026-04-10,Cash,4190.02,2026-04-10
1945536198,44557943,2026-04-11,Cash,5313.04,2026-04-11
2550246555,38671747,2026-04-12,UPI,2305.86,2026-04-12
4287631655,6867315,2026-04-13,Wallet,1381.53,2026-04-13
2033683703,42989999,2026-04-14,UPI,4223.23,2026-04-14
9453583714,82854537,2026-04-15,UPI,1873.26,2026-04-15
852886125,44562310,2026-04-16,UPI,1610.95,2026-04-16
5705899665,4378755,2026-04-17,Wallet,3712.03,2026-04-17
5706043483,63360864,2026-04-18,UPI,1164.09,2026-04-18
5190422833,3410758,2026-04-19,Cash,898.05,2026-04-19
7178188501,3786105,2026-04-20,Cash,2823.72,2026-04-20
2864819888,9419030,2026-04-21,Card,1973.65,2026-04-21
7107216633,10857389,2026-04-22,Wallet,2871.14,2026-04-22
1685382357,6579892,2026-04-23,Card,2584.79,2026-04-23
7562902958,81808190,2026-04-24,UPI,1477.63,2026-04-24
2819953077,25128143,2026-04-25,Cash,1887.33,2026-04-25
8453462258,2875442,2026-04-26,Wallet,310.87,2026-04-26
4605056279,23976957,2026-04-27,Cash,1252.01,2026-04-27
5998035939,88324928,2026-04-28,Card,3279.72,2026-04-28
2311501690,27698051,2026-04-29,Wallet,2643.08,2026-04-29
356495722,91312072,2026-04-30,Wallet,1978.25,2026-04-30
2695448838,47274329,2026-05-01,UPI,2516.12,2026-05-01
6986791144,27692428,2026-05-02,Cash,1068.15,2026-05-02
8619571588,31456752,2026-05-03,UPI,1597.12,2026-05-03
4088553674,52913011,2026-05-04,Wallet,3986.58,2026-05-04
8177907004,60757351,2026-05-05,Wallet,2575.85,2026-05-05
8533749006,91590001,2026-05-06,Cash,1552.93,2026-05-06
8694014791,48778633,2026-05-07,Card,1908.82,2026-05-07
6311012195,10857389,2026-05-08,UPI,824.99,2026-05-08
1312767771,26412689,2026-05-09,Wallet,2147.13,2026-05-09
214919848,47125914,2026-05-10,Cash,2503.81,2026-05-10
5521682945,26303194,2026-05-11,Cash,2548.33,2026-05-11
5305770811,92642745,2026-05-12,Cash,3254.9,2026-05-12
5842420654,43307488,2026-05-13,Wallet,261.03,2026-05-13
4566893863,88739922,2026-05-14,Wallet,3739.44,2026-05-14
1523729855,54730270,2026-05-15,UPI,629.24,2026-05-15
2899786983,31456752,2026-05-16,UPI,5183.93,2026-05-16
9202528884,64940409,2026-05-17,Cash,3369.19,2026-05-17
4338327693,93617659,2026-05-18,Cash,3948.26,2026-05-18
6295686357,76533277,2026-05-19,Cash,2769.76,2026-05-19
6396194687,61406908,2026-05-20,Wallet,4492.32,2026-05-20
5662786245,21409946,2026-05-21,Cash,4920.92,2026-05-21
4868150114,69761993,2026-05-22,Card,2720.81,2026-05-22
502764834,96903782,2026-05-23,Card,3197.48,2026-05-23
5056125341,26040510,2026-05-24,Wallet,3503.97,2026-05-24
6388618916,96511007,2026-05-25,Wallet,2761.44,2026-05-25
3508668494,75836905,2026-05-26,Card,2359.1,2026-05-26
5289436093,98211325,2026-05-27,Wallet,1789.25,2026-05-27
7596333614,88684966,2026-05-28,Card,2024.16,2026-05-28
6284076508,74179536,2026-05-29,UPI,844.26,2026-05-29
340050407,68941950,2026-05-30,Cash,58.59,2026-05-30
5927472701,93563435,2026-05-31,Wallet,2280.71,2026-05-31
9216536492,58979427,2026-06-01,Wallet,3056.52,2026-06-01
3742662928,63971358,2026-06-02,Wallet,937.34,2026-06-02
4797768073,35782051,2026-06-03,Cash,3156.22,2026-06-03
6767935470,70372270,2026-06-04,Cash,2249.42,2026-06-04
1963703928,77007315,2026-06-05,Wallet,1553.71,2026-06-05
552470423,4394659,2026-06-06,Cash,1310.7,2026-06-06
739434870,1603358,2026-06-07,Cash,2725.22,2026-06-07
7930373606,13494314,2026-06-08,Cash,1782.86,2026-06-08
5374978054,64932019,2026-06-09,Cash,1433.88,2026-06-09
4361797433,1603358,2026-06-10,UPI,3074.92,2026-06-10
2002067527,45166203,2026-06-11,Wallet,1269.98,2026-06-11
4228110436,701493,2026-06-12,Wallet,2512.67,2026-06-12
1251118825,79592021,2026-06-13,Cash,478.79,2026-06-13
7165265639,29265216,2026-06-14,Wallet,878.07,2026-06-14
1255323701,51669263,2026-06-15,Wallet,3109.5,2026-06-15
807934194,69925688,2026-06-16,Cash,3688,2026-06-16
7968718292,54730270,2026-06-17,Card,931.61,2026-06-17
2620531979,8651281,2026-06-18,Card,1207.28,2026-06-18
6943430459,53636086,2026-06-19,Wallet,2625.32,2026-06-19
5607355353,47625855,2026-06-20,UPI,2909.86,2026-06-20
6696352636,54730270,2026-06-21,Wallet,1458.64,2026-06-21
9325920156,59110513,2026-06-22,Card,3323.67,2026-06-22
2286477025,59436131,2026-06-23,Card,2751.35,2026-06-23
6704773223,81420960,2026-06-24,Wallet,1563.35,2026-06-24
1435353007,48281892,2026-06-25,Card,2538.96,2026-06-25
8080970647,1855421,2026-06-26,Card,3635.32,2026-06-26
5881633926,32293017,2026-06-27,Card,4263.33,2026-06-27
4435459085,76830090,2026-06-28,Cash,242.57,2026-06-28
6172529406,48409448,2026-06-29,Cash,2969.87,2026-06-29
9127879048,75490147,2026-06-30,Card,2298.22,2026-06-30
3806545110,1200365,2026-07-01,Card,1150.34,2026-07-01
6919395718,91550885,2026-07-02,UPI,2440.67,2026-07-02
5277462976,98858383,2026-07-03,Card,3990.61,2026-07-03
3606274277,98225598,2026-07-04,Cash,3902.92,2026-07-04
2065203676,36146306,2026-07-05,Card,1121.26,2026-07-05
4042066387,90743791,2026-07-06,Wallet,4354.3,2026-07-06
3604982656,59207798,2026-07-07,Card,563.45,2026-07-07
1149676745,6247821,2026-07-08,Card,1168.51,2026-07-08
3895011687,47043878,2026-07-09,UPI,858.57,2026-07-09
772505056,81822494,2026-07-10,Cash,2341.94,2026-07-10
5574765914,89619421,2026-07-11,Wallet,697.53,2026-07-11
8812616740,61982521,2026-07-12,Card,1469.02,2026-07-12
1486655525,74572121,2026-07-13,Wallet,2840.82,2026-07-13
8423025639,6344345,2026-07-14,UPI,3583.16,2026-07-14
9020705185,1562083,2026-07-15,Cash,71.6,2026-07-15
7719808698,93938425,2026-07-16,Card,4205.08,2026-07-16
3414036630,32809328,2026-07-17,Cash,641.33,2026-07-17
4157869967,49617892,2026-07-18,Card,881.42,2026-07-18
4873887251,20951294,2026-07-19,Wallet,989.88,2026-07-19
8031946454,31923338,2026-07-20,Card,2074.16,2026-07-20
8168056170,45700473,2026-07-21,Cash,3061.73,2026-07-21
3108512811,15417130,2026-07-22,UPI,3391.72,2026-07-22
1680591951,7288562,2026-07-23,Card,2569.08,2026-07-23
559245731,68941950,2026-07-24,Wallet,3597.64,2026-07-24
8655600303,12867472,2026-07-25,Cash,3608.84,2026-07-25
8247327365,30065862,2026-07-26,Card,2592.28,2026-07-26
9153347285,54222320,2026-07-27,Card,2618.56,2026-07-27
1977533409,17521263,2026-07-28,UPI,738.71,2026-07-28
2433646621,82770142,2026-07-29,Card,1195.03,2026-07-29
22830983,92404798,2026-07-30,UPI,3061.39,2026-07-30
1143763031,52075070,2026-07-31,UPI,171.2,2026-07-31
8524056436,35434373,2026-08-01,Cash,911.06,2026-08-01
4262338791,72089140,2026-08-02,Wallet,1582.64,2026-08-02
187728451,63262519,2026-08-03,Wallet,4088.13,2026-08-03
6754346312,3897936,2026-08-04,Wallet,1195.92,2026-08-04
5790622967,81091233,2026-08-05,Cash,1816.39,2026-08-05
4305348838,63630649,2026-08-06,Cash,381.39,2026-08-06
2902411553,93122847,2026-08-07,Cash,2910.37,2026-08-07
3691199770,30788486,2026-08-08,Wallet,2896.79,2026-08-08
775709102,80517784,2026-08-09,Cash,3393.44,2026-08-09
5262508570,42781544,2026-08-10,UPI,2217.03,2026-08-10
192109127,82854537,2026-08-11,Card,3949.02,2026-08-11
1108215973,2928026,2026-08-12,UPI,972.69,2026-08-12
1719134546,25665997,2026-08-13,Card,1306.86,2026-08-13
5280263316,77035814,2026-08-14,UPI,3531.91,2026-08-14
9448306266,74038361,2026-08-15,Cash,3645.04,2026-08-15
8023626961,68307253,2026-08-16,Card,763.12,2026-08-16
1118405605,15599514,2026-08-17,Card,2831.58,2026-08-17
8226034341,26040510,2026-08-18,Cash,1480.31,2026-08-18
6976835753,29973346,2026-08-19,Wallet,4262.13,2026-08-19
9171564499,24896263,2026-08-20,Card,3112.29,2026-08-20
5393607402,14272050,2026-08-21,UPI,2453.12,2026-08-21
5670040592,80571942,2026-08-22,UPI,3433.31,2026-08-22
6736891890,15661901,2026-08-23,Wallet,879.26,2026-08-23
1223255075,71321741,2026-08-24,Card,1982.08,2026-08-24
8158413630,15066187,2026-08-25,Card,3028.59,2026-08-25
7867573412,61226563,2026-08-26,Card,3835.33,2026-08-26
1624690598,52048413,2026-08-27,UPI,1705.95,2026-08-27
8968945932,67386193,2026-08-28,Wallet,1245.7,2026-08-28
1645212433,67918495,2026-08-29,UPI,1736.21,2026-08-29
9187046038,75860724,2026-08-30,Cash,1211.53,2026-08-30
9305357757,76212152,2026-08-31,Wallet,652.58,2026-08-31
8312320295,31076002,2026-09-01,Wallet,3212.41,2026-09-01
3256941332,43599910,2026-09-02,Wallet,2777.76,2026-09-02
8980502814,45708879,2026-09-03,Card,1794.68,2026-09-03
9270396838,63376126,2026-09-04,Wallet,1592.28,2026-09-04
2892588628,54797119,2026-09-05,Wallet,302.82,2026-09-05
8774158800,19216141,2026-09-06,Cash,693.48,2026-09-06
2056131802,16448993,2026-09-07,Card,328.51,2026-09-07
3528007192,52279849,2026-09-08,Card,2411.61,2026-09-08
2845333894,4192351,2026-09-09,UPI,4555.81,2026-09-09
6602340187,38875754,2026-09-10,Card,374.68,2026-09-10
721004875,75913572,2026-09-11,UPI,3319.78,2026-09-11
7435895360,77217240,2026-09-12,Card,983.79,2026-09-12
4217659083,31846190,2026-09-13,Wallet,3390.39,2026-09-13
9710865146,21282544,2026-09-14,UPI,4682.76,2026-09-14
5375295409,17843667,2026-09-15,Wallet,1153.83,2026-09-15
6286044248,38902193,2026-09-16,Cash,4369.99,2026-09-16
1708282193,79895967,2026-09-17,UPI,83.18,2026-09-17
5746303677,20148223,2026-09-18,Card,902.25,2026-09-18
3271726381,44050697,2026-09-19,Card,671.55,2026-09-19
9802569856,33741801,2026-09-20,Wallet,2623.91,2026-09-20
662460037,98144693,2026-09-21,UPI,2657.2,2026-09-21
8664447334,25829710,2026-09-22,Cash,3712.65,2026-09-22
3886370975,96903782,2026-09-23,Wallet,3039.42,2026-09-23
3547006553,56572297,2026-09-24,Card,5183.38,2026-09-24
2575965518,38496400,2026-09-25,Wallet,1880.57,2026-09-25
1529363954,13251137,2026-09-26,UPI,924.41,2026-09-26
8463856241,87463923,2026-09-27,Wallet,1364.14,2026-09-27
2485242479,25526479,2026-09-28,Cash,3732.99,2026-09-28
9850673433,93826036,2026-09-29,UPI,5271.36,2026-09-29
2558680592,68475914,2026-09-30,UPI,2032.56,2026-09-30
2859167116,40626729,2026-10-01,UPI,1613.11,2026-10-01
1222236371,88517890,2026-10-02,Card,2675.63,2026-10-02
344177904,44589829,2026-10-03,Cash,551.88,2026-10-03
6126334783,6150721,2026-10-04,Card,1588.66,2026-10-04
3742575364,42723554,2026-10-05,Wallet,4939,2026-10-05
9272166174,53292177,2026-10-06,Wallet,994.56,2026-10-06
9416522701,7551173,2026-10-07,Wallet,3919.44,2026-10-07
7305871805,96629034,2026-10-08,Card,2028.61,2026-10-08
80296810,21677923,2026-10-09,Cash,4283.33,2026-10-09
2806868282,67952740,2026-10-10,Card,949.73,2026-10-10
707033578,14839726,2026-10-11,UPI,951.43,2026-10-11
9026783092,60385293,2026-10-12,Wallet,3080.01,2026-10-12
6229466619,81533356,2026-10-13,Wallet,2708.73,2026-10-13
408720270,37245065,2026-10-14,Cash,2501.14,2026-10-14
8870165072,80517784,2026-10-15,Card,1871.85,2026-10-15
1979319490,5238055,2026-10-16,Wallet,3631.19,2026-10-16
840761323,83262890,2026-10-17,UPI,3550.8,2026-10-17
744721438,67092149,2026-10-18,Card,486.28,2026-10-18
7421707488,80315623,2026-10-19,UPI,1065.22,2026-10-19
1212718824,73393269,2026-10-20,Cash,1648.44,2026-10-20
9603256001,8791577,2026-10-21,Card,1064.76,2026-10-21
5626888972,24323106,2026-10-22,Card,866.92,2026-10-22
2300753276,92306841,2026-10-23,Cash,1745.73,2026-10-23
869629562,31831843,2026-10-24,Wallet,562.7,2026-10-24
3429137520,51048402,2026-10-25,UPI,2804.37,2026-10-25
9957927297,35349582,2026-10-26,Cash,347.91,2026-10-26
202466684,74840437,2026-10-27,Wallet,2939.42,2026-10-27
8465721207,30192942,2026-10-28,Cash,4707.96,2026-10-28
6194827199,41494867,2026-10-29,Cash,2702.57,2026-10-29
3942174431,84257716,2026-10-30,Card,758.75,2026-10-30
3189863462,6756256,2026-10-31,Cash,1472.61,2026-10-31
5923573134,22800586,2026-11-01,Wallet,877.98,2026-11-01
6659747528,43034188,2026-11-02,Wallet,1028.61,2026-11-02
6037541687,86067293,2026-11-03,Wallet,681.91,2026-11-03
2585438297,50632192,2026-11-04,Card,743.73,2026-11-04
8065774615,35705377,2026-11-05,Wallet,1757.08,2026-11-05
1816814476,85198177,2026-11-06,Cash,4981.16,2026-11-06
5278014717,31776996,2026-11-07,Cash,4687.37,2026-11-07
4265447949,6150721,2026-11-08,Card,1763.44,2026-11-08
6752221435,64197854,2026-11-09,UPI,4214.63,2026-11-09
8943989258,36675827,2026-11-10,Wallet,1983.74,2026-11-10
4068367936,78678612,2026-11-11,Wallet,4432.19,2026-11-11
5735156904,78841932,2026-11-12,Card,3724.91,2026-11-12
2405929115,14940427,2026-11-13,Card,212.61,2026-11-13
7913167260,98307019,2026-11-14,Card,4575.56,2026-11-14
1989751369,7333934,2026-11-15,Card,274.25,2026-11-15
7338050095,3292927,2026-11-16,UPI,2181.43,2026-11-16
9950986048,69863493,2026-11-17,UPI,4860.59,2026-11-17
5098703807,13760839,2026-11-18,Card,3772.64,2026-11-18
6937485392,30285217,2026-11-19,Card,1509.64,2026-11-19
1266440097,88739922,2026-11-20,Cash,2345.34,2026-11-20
7415490509,61015113,2026-11-21,UPI,1429.18,2026-11-21
7284991749,65559853,2026-11-22,Card,2817.03,2026-11-22
4645792703,24043135,2026-11-23,UPI,2627.96,2026-11-23
3174938939,95736310,2026-11-24,Wallet,3597.75,2026-11-24
1752712049,56195475,2026-11-25,Cash,2015.68,2026-11-25
8187201830,82529927,2026-11-26,UPI,1843.61,2026-11-26
6900896329,65903057,2026-11-27,Cash,4864.14,2026-11-27
3793977529,21425168,2026-11-28,UPI,2835.92,2026-11-28
194459698,88553721,2026-11-29,Card,2203.94,2026-11-29
9330447952,37362180,2026-11-30,UPI,3410.21,2026-11-30
2097372277,14693393,2026-12-01,Card,3122.85,2026-12-01
7060954153,91130614,2026-12-02,Cash,2354.95,2026-12-02
2921310646,40117357,2026-12-03,Wallet,2915.52,2026-12-03
3983082555,51670882,2026-12-04,Card,530.85,2026-12-04
4867298468,13492411,2026-12-05,Card,2508.01,2026-12-05
3402631472,52032226,2026-12-06,Card,2871.88,2026-12-06
1648146562,95364457,2026-12-07,Cash,2953.31,2026-12-07
5907766010,12272282,2026-12-08,Wallet,3937.4,2026-12-08
9233577456,96853930,2026-12-09,Card,2309.81,2026-12-09
4084808075,65815155,2026-12-10,Card,2698.15,2026-12-10
7217049550,24137201,2026-12-11,UPI,1886.59,2026-12-11
1831943568,69863493,2026-12-12,Cash,3575.33,2026-12-12
8707473624,22524981,2026-12-13,Cash,1333.69,2026-12-13
7075868285,5226128,2026-12-14,Wallet,1704.88,2026-12-14
5164162918,96903782,2026-12-15,Wallet,1869.56,2026-12-15
2175298644,72132838,2026-12-16,Wallet,1857.59,2026-12-16
5882568464,49258916,2026-12-17,Cash,1706.73,2026-12-17
7847708619,35402531,2026-12-18,Cash,3606.96,2026-12-18
6366048116,78732957,2026-12-19,Cash,1072.64,2026-12-19
4926287333,31233120,2026-12-20,Cash,2890.49,2026-12-20
5532838325,6982488,2026-12-21,Cash,1133.25,2026-12-21
2567996236,81584486,2026-12-22,Cash,2831.03,2026-12-22
2655613624,46623192,2026-12-23,UPI,2384.64,2026-12-23
7706089549,44562310,2026-12-24,Cash,2062.54,2026-12-24
8257370396,25221501,2026-12-25,Card,160.07,2026-12-25
8623808984,37551429,2026-12-26,Card,1911.03,2026-12-26
7579506101,72366758,2026-12-27,UPI,978.84,2026-12-27
8861024199,29902416,2026-12-28,Cash,1015.26,2026-12-28
7666131311,84456355,2026-12-29,UPI,3643.76,2026-12-29
103589925,65406127,2026-12-30,UPI,3805.99,2026-12-30
7346858138,16785724,2026-12-31,UPI,1530.63,2026-12-31
4963962664,80935110,2027-01-01,Cash,4132.1,2027-01-01
9069936094,90696847,2027-01-02,Cash,2841.51,2027-01-02
4665363191,73660582,2027-01-03,Wallet,2035.62,2027-01-03
888510905,27824078,2027-01-04,Cash,1305.23,2027-01-04
6876091286,49136375,2027-01-05,UPI,3152.71,2027-01-05
2592923105,78806824,2027-01-06,Card,5123.14,2027-01-06
2468550508,59620534,2027-01-07,UPI,3712.25,2027-01-07
5302956276,97111069,2027-01-08,UPI,1495.19,2027-01-08
9409714182,59110513,2027-01-09,Card,2856.32,2027-01-09
1446221570,59216664,2027-01-10,Wallet,1905.44,2027-01-10
8250036360,88203688,2027-01-11,Wallet,1940.19,2027-01-11
447464341,89669139,2027-01-12,Wallet,3113.07,2027-01-12
15642223,85020453,2027-01-13,Cash,1712.74,2027-01-13
3285378238,66943324,2027-01-14,Wallet,2599.64,2027-01-14
2356483296,49529811,2027-01-15,UPI,2030.68,2027-01-15
3382911339,23380116,2027-01-16,Card,1666.57,2027-01-16
3690872026,1152215,2027-01-17,Cash,1203.31,2027-01-17
6755367585,54057428,2027-01-18,UPI,2115.53,2027-01-18
6835850079,68965787,2027-01-19,UPI,934.75,2027-01-19
9345418784,58644651,2027-01-20,Cash,2469.41,2027-01-20
7185243614,51994597,2027-01-21,UPI,1223.58,2027-01-21
2319044818,82425179,2027-01-22,Wallet,2861.37,2027-01-22
931834374,17392512,2027-01-23,Wallet,361.89,2027-01-23
8485398781,40593638,2027-01-24,Wallet,2156.87,2027-01-24
9806464912,31981068,2027-01-25,Card,2405.76,2027-01-25
8214365128,42012717,2027-01-26,Wallet,3595.22,2027-01-26
137089318,6637282,2027-01-27,Wallet,2254.26,2027-01-27
7615602420,63402854,2027-01-28,Cash,922.64,2027-01-28
3995348964,44828791,2027-01-29,Cash,1613.86,2027-01-29
3816542830,81822935,2027-01-30,UPI,3294.67,2027-01-30
9665004924,90184276,2027-01-31,Wallet,3564.53,2027-01-31
1728547597,98444183,2027-02-01,Card,236.51,2027-02-01
5311190131,19482392,2027-02-02,Card,1276.25,2027-02-02
9581592141,64562786,2027-02-03,UPI,4117.69,2027-02-03
4848863693,63217390,2027-02-04,UPI,1634.92,2027-02-04
6374883107,23126657,2027-02-05,UPI,3039.25,2027-02-05
3270131216,56604077,2027-02-06,UPI,1403.1,2027-02-06
2643382562,54338574,2027-02-07,UPI,354.91,2027-02-07
5212524996,45071436,2027-02-08,Cash,2573.93,2027-02-08
9594095277,27604184,2027-02-09,Card,3015.93,2027-02-09
8375863419,76971644,2027-02-10,Card,4914.12,2027-02-10
7523880783,21481338,2027-02-11,Wallet,4262.19,2027-02-11
9670158103,63262519,2027-02-12,UPI,2159.25,2027-02-12
4344108631,45804389,2027-02-13,Cash,4399.58,2027-02-13
2237858,48281892,2027-02-14,Wallet,3835.26,2027-02-14
3217791988,92642745,2027-02-15,Wallet,5996.96,2027-02-15
3355718103,91196901,2027-02-16,Card,632.35,2027-02-16
9590518103,62323608,2027-02-17,UPI,40.7,2027-02-17
6610120274,89910157,2027-02-18,UPI,3395.39,2027-02-18
1180899898,16420489,2027-02-19,Wallet,3034.51,2027-02-19
8758992688,11616535,2027-02-20,Wallet,405.71,2027-02-20
6965716176,12851610,2027-02-21,Card,4625.58,2027-02-21
5527742274,57956497,2027-02-22,Card,2424.06,2027-02-22
826610039,29431960,2027-02-23,UPI,169.88,2027-02-23
3303891913,84361534,2027-02-24,Card,2044.44,2027-02-24
2489292878,59240916,2027-02-25,Card,3382.35,2027-02-25
8589851630,5386246,2027-02-26,Card,3160.29,2027-02-26
4598897781,77625089,2027-02-27,UPI,3442.8,2027-02-27
6932356214,58942207,2027-02-28,Wallet,4091.52,2027-02-28
3499004322,70363568,2027-03-01,Wallet,2288.53,2027-03-01
7517620171,25128143,2027-03-02,Cash,1996.94,2027-03-02
172987148,71607166,2027-03-03,Cash,2924.71,2027-03-03
8347207794,34853377,2027-03-04,Card,2701.36,2027-03-04
9472355181,81462774,2027-03-05,UPI,972.69,2027-03-05
1315064289,74735607,2027-03-06,UPI,2357.23,2027-03-06
9371869941,53076417,2027-03-07,Card,1599.11,2027-03-07
5184568404,93507573,2027-03-08,Cash,872.08,2027-03-08
5891002534,41494517,2027-03-09,Card,475.04,2027-03-09
1479730711,90647204,2027-03-10,Wallet,589.61,2027-03-10
7651037338,31576845,2027-03-11,Cash,242.57,2027-03-11
8763754537,97873848,2027-03-12,UPI,1696.36,2027-03-12
7683813608,99707100,2027-03-13,Card,2544.29,2027-03-13
6722955128,8351747,2027-03-14,Wallet,1028.49,2027-03-14
8259274680,60379302,2027-03-15,Cash,3427.94,2027-03-15
4620484274,58111297,2027-03-16,Card,3550.23,2027-03-16
8260569466,59323931,2027-03-17,Card,698.04,2027-03-17
8498916204,47625855,2027-03-18,Card,422.87,2027-03-18
3209538967,41874489,2027-03-19,Cash,2519.28,2027-03-19
2570640420,10418604,2027-03-20,Cash,3782.04,2027-03-20
2066843639,69516494,2027-03-21,UPI,941.19,2027-03-21
7402125753,12500465,2027-03-22,Cash,3147.43,2027-03-22
9171089443,46185579,2027-03-23,Cash,2747.64,2027-03-23
3272079644,51592174,2027-03-24,Card,22.14,2027-03-24
438111050,74174956,2027-03-25,Card,2129.22,2027-03-25
7416160835,29324437,2027-03-26,UPI,2651.44,2027-03-26
4075074492,12778027,2027-03-27,UPI,5146.2,2027-03-27
5536024334,15661674,2027-03-28,Card,1149.2,2027-03-28
2013140214,39674723,2027-03-29,Card,2400.93,2027-03-29
1113582397,53292177,2027-03-30,Card,3248.52,2027-03-30
1083928258,14705462,2027-03-31,Card,2833.25,2027-03-31
4906957374,30029998,2027-04-01,Card,3973.9,2027-04-01
1876614122,97678578,2027-04-02,Cash,4304.71,2027-04-02
6556180328,10562528,2027-04-03,UPI,712.12,2027-04-03
7960553477,4356173,2027-04-04,UPI,169.88,2027-04-04
6335972517,18256339,2027-04-05,UPI,1968.49,2027-04-05
6254948159,42615134,2027-04-06,Card,3371.28,2027-04-06
7527936057,63971358,2027-04-07,Cash,2750.94,2027-04-07
6257851675,65488134,2027-04-08,UPI,1052.94,2027-04-08
6832610950,77811864,2027-04-09,UPI,1628.19,2027-04-09
5085005195,2684440,2027-04-10,Cash,4030.23,2027-04-10
2177207547,92245432,2027-04-11,Wallet,3576.89,2027-04-11
3043364543,21597477,2027-04-12,UPI,1136.9,2027-04-12
2823404098,81377917,2027-04-13,Wallet,2699.14,2027-04-13
646676955,93018527,2027-04-14,Cash,109.03,2027-04-14
5756607486,27709218,2027-04-15,Card,1910.09,2027-04-15
9373691795,87463923,2027-04-16,Cash,2386.93,2027-04-16
2611601543,61753272,2027-04-17,Wallet,1804.99,2027-04-17
1491360686,90649019,2027-04-18,UPI,822.74,2027-04-18
1824533423,2233446,2027-04-19,Wallet,2890.53,2027-04-19
2913841018,46675763,2027-04-20,Card,727.95,2027-04-20
3141803761,34787383,2027-04-21,UPI,787.4,2027-04-21
6184484468,40275138,2027-04-22,Cash,211.22,2027-04-22
4599327740,77862447,2027-04-23,Cash,530.85,2027-04-23
7479207574,64846124,2027-04-24,Cash,918.45,2027-04-24
2996133401,83964902,2027-04-25,UPI,2010.29,2027-04-25
5972410040,19179897,2027-04-26,Wallet,1721.08,2027-04-26
4007593324,68703613,2027-04-27,Wallet,3453.62,2027-04-27
3428454405,93018527,2027-04-28,Cash,3030.47,2027-04-28
1160646195,5700842,2027-04-29,Card,419.13,2027-04-29
4376524554,72576730,2027-04-30,Card,2512.22,2027-04-30
1519072771,70615775,2027-05-01,UPI,98.32,2027-05-01
8203685394,40192266,2027-05-02,Card,1013.58,2027-05-02
7906789850,32006907,2027-05-03,UPI,2494.47,2027-05-03
8073770046,87943214,2027-05-04,UPI,3056.86,2027-05-04
5190202949,40727086,2027-05-05,Wallet,3924.07,2027-05-05
8542325207,9573071,2027-05-06,Wallet,4399.94,2027-05-06
7566730050,39153585,2027-05-07,Card,1443.71,2027-05-07
176509722,65221572,2027-05-08,UPI,2319.65,2027-05-08
1894603222,21697638,2027-05-09,Wallet,356.33,2027-05-09
2694800415,36675827,2027-05-10,Cash,3621.69,2027-05-10
5879390688,77869660,2027-05-11,Wallet,96.09,2027-05-11
1197715978,625395,2027-05-12,Card,3388.47,2027-05-12
7790696031,34580200,2027-05-13,Wallet,2174.92,2027-05-13
2189360099,68714053,2027-05-14,Wallet,2231.91,2027-05-14
3542041943,55007963,2027-05-15,Wallet,209.59,2027-05-15
9202469009,37362180,2027-05-16,UPI,1574.8,2027-05-16
3985829990,81808190,2027-05-17,Wallet,4495.35,2027-05-17
4341872315,71755645,2027-05-18,Wallet,3494.41,2027-05-18
4748123248,24144240,2027-05-19,UPI,476.96,2027-05-19
99905061,47590944,2027-05-20,Card,2948.85,2027-05-20
9118004489,37288781,2027-05-21,Cash,2685.25,2027-05-21
1696936610,25795941,2027-05-22,Wallet,1983.84,2027-05-22
155669553,88779806,2027-05-23,UPI,2239.85,2027-05-23
2885541999,40275138,2027-05-24,Cash,87.3,2027-05-24
2846340681,77085443,2027-05-25,Cash,2923.65,2027-05-25
963715332,21948041,2027-05-26,UPI,4740.41,2027-05-26
2807634451,84986716,2027-05-27,Wallet,3196.92,2027-05-27
3046341241,82286725,2027-05-28,Wallet,3155.44,2027-05-28
485687952,8228843,2027-05-29,Wallet,1436.02,2027-05-29
7660904370,30455484,2027-05-30,Cash,695.54,2027-05-30
9753033954,83577942,2027-05-31,Card,630.84,2027-05-31
9509887699,23448955,2027-06-01,UPI,1656.08,2027-06-01
1054122071,97557157,2027-06-02,Card,1011.38,2027-06-02
9135272808,21701991,2027-06-03,UPI,1454.36,2027-06-03
597447215,39957741,2027-06-04,UPI,4238.98,2027-06-04
5562099656,3872421,2027-06-05,Card,163.03,2027-06-05
4122736828,47590944,2027-06-06,UPI,2205.44,2027-06-06
7238138072,32929817,2027-06-07,Wallet,906.54,2027-06-07
6244736404,8791577,2027-06-08,UPI,4248.04,2027-06-08
1297341963,70230254,2027-06-09,Cash,1516.81,2027-06-09
3842442278,89223620,2027-06-10,Card,4144.84,2027-06-10
9576684860,9347990,2027-06-11,Card,1365.7,2027-06-11
1592757566,78903046,2027-06-12,Wallet,4787.67,2027-06-12
5060677329,68219091,2027-06-13,UPI,903.53,2027-06-13
2241930006,66943324,2027-06-14,UPI,2211.21,2027-06-14
3246505078,45481936,2027-06-15,Wallet,702.71,2027-06-15
5870152806,376144,2027-06-16,Cash,171.2,2027-06-16
8919999754,8395610,2027-06-17,UPI,2554.62,2027-06-17
1080338783,1601161,2027-06-18,Cash,2039.04,2027-06-18
4641905606,40667183,2027-06-19,Cash,3587.82,2027-06-19
9456413999,32019725,2027-06-20,Card,2572.64,2027-06-20
4764056827,8025622,2027-06-21,UPI,3063.23,2027-06-21
5168057633,45477575,2027-06-22,UPI,4188.15,2027-06-22
1442559656,85074810,2027-06-23,Cash,2573.97,2027-06-23
6590257283,2058037,2027-06-24,Cash,4030.26,2027-06-24
3429671763,21481338,2027-06-25,UPI,1168.51,2027-06-25
4750086089,97259564,2027-06-26,Card,1896.06,2027-06-26
3204128006,62323608,2027-06-27,Wallet,4361.59,2027-06-27
3171917027,55936462,2027-06-28,UPI,1179.35,2027-06-28
8814047085,68475914,2027-06-29,UPI,972.69,2027-06-29
1889723479,5754255,2027-06-30,Cash,395.61,2027-06-30
942025494,62679120,2027-07-01,UPI,4479.65,2027-07-01
4104444500,57526322,2027-07-02,Card,296.94,2027-07-02
7562260313,13871547,2027-07-03,Card,1246.62,2027-07-03
7140244766,86067293,2027-07-04,UPI,310.87,2027-07-04
7967974077,45066676,2027-07-05,Wallet,3382.93,2027-07-05
7456822422,81822935,2027-07-06,Cash,604.1,2027-07-06
4813468096,34668988,2027-07-07,Card,650.2,2027-07-07
8618576020,15484407,2027-07-08,Card,1633.69,2027-07-08
3727646442,12077371,2027-07-09,Wallet,1105.54,2027-07-09
9208156337,39959491,2027-07-10,UPI,1685.01,2027-07-10
8328118787,14839726,2027-07-11,Card,3997.84,2027-07-11
580528836,91550885,2027-07-12,UPI,1485,2027-07-12
3350662630,60620291,2027-07-13,Card,1279.7,2027-07-13
6716381725,19682060,2027-07-14,Card,3647.45,2027-07-14
2249567137,20298398,2027-07-15,Card,3407.26,2027-07-15
7484465509,73393269,2027-07-16,Card,1060.95,2027-07-16
2577208156,86995126,2027-07-17,UPI,1948.9,2027-07-17
3321905621,37759707,2027-07-18,Wallet,3909.99,2027-07-18
6686839282,71615827,2027-07-19,UPI,2657.17,2027-07-19
5095558661,70220141,2027-07-20,Cash,109.03,2027-07-20
112658009,35144658,2027-07-21,Cash,3834.36,2027-07-21
1343610513,18113428,2027-07-22,UPI,638.38,2027-07-22
7190610535,59094034,2027-07-23,UPI,2414.68,2027-07-23
5069426001,31940833,2027-07-24,UPI,3099.29,2027-07-24
5655369002,19091057,2027-07-25,Cash,114.52,2027-07-25
5761530160,84824280,2027-07-26,Cash,876.11,2027-07-26
4772519706,17106161,2027-07-27,Cash,2184.02,2027-07-27
8209051735,69416782,2027-07-28,Card,1887.19,2027-07-28
4870391666,80935110,2027-07-29,Card,738.74,2027-07-29
7777975083,92098757,2027-07-30,UPI,4419.96,2027-07-30
8713948756,65514005,2027-07-31,Cash,383.2,2027-07-31
6191050157,90021871,2027-08-01,Cash,1893.34,2027-08-01
4060449266,1771249,2027-08-02,Card,2399.6,2027-08-02
5657605506,63402854,2027-08-03,Wallet,697.88,2027-08-03
8851743592,70608515,2027-08-04,Card,2618.87,2027-08-04
4689717606,91791128,2027-08-05,Card,2392.67,2027-08-05
2860246948,8791577,2027-08-06,Wallet,1613.57,2027-08-06
2875550803,40387944,2027-08-07,UPI,1776.32,2027-08-07
5340575011,77015367,2027-08-08,Wallet,2307.65,2027-08-08
7717156533,18791381,2027-08-09,Cash,3043.92,2027-08-09
8297255359,56764791,2027-08-10,Card,2172.56,2027-08-10
7873234939,31923338,2027-08-11,Wallet,816.38,2027-08-11
3668515922,22321208,2027-08-12,UPI,4229.93,2027-08-12
8356690330,88324928,2027-08-13,Card,3316.63,2027-08-13
3508620293,40277444,2027-08-14,Cash,4855.95,2027-08-14
9998297778,7728406,2027-08-15,Card,2833.2,2027-08-15
3898421710,78750264,2027-08-16,Cash,461.74,2027-08-16
3960980694,52417972,2027-08-17,Cash,369.28,2027-08-17
5008395294,1108176,2027-08-18,Cash,845.68,2027-08-18
3722869004,66140659,2027-08-19,UPI,3268.53,2027-08-19
8391555591,14006996,2027-08-20,Cash,3933.27,2027-08-20
8063730776,95912198,2027-08-21,UPI,2925.94,2027-08-21
9052752169,62510499,2027-08-22,UPI,1083.52,2027-08-22
7471416647,75566105,2027-08-23,Wallet,2163.7,2027-08-23
848332407,376144,2027-08-24,Card,1700.08,2027-08-24
4062701987,8383197,2027-08-25,UPI,979.99,2027-08-25
8723912832,94552818,2027-08-26,Cash,361.98,2027-08-26
9099298435,2233446,2027-08-27,UPI,1327.61,2027-08-27
5645691241,3786105,2027-08-28,Cash,2970,2027-08-28
8258019846,61024977,2027-08-29,UPI,1705.98,2027-08-29
2732162016,99361865,2027-08-30,Wallet,2111.24,2027-08-30
1561902412,91448742,2027-08-31,UPI,3412.02,2027-08-31
8979476889,49970560,2027-09-01,Cash,169.88,2027-09-01
8373953053,46515922,2027-09-02,Wallet,3639.83,2027-09-02
7021309133,59353207,2027-09-03,UPI,468.88,2027-09-03
3447085029,188838,2027-09-04,Cash,4065.16,2027-09-04
9284767341,82160592,2027-09-05,Wallet,940.44,2027-09-05
9770431940,86715467,2027-09-06,Card,3392.19,2027-09-06
9650124390,46717997,2027-09-07,Card,4409.61,2027-09-07
9826894858,67386193,2027-09-08,UPI,1788.3,2027-09-08
4466839873,8361353,2027-09-09,Cash,2840.84,2027-09-09
4331471900,59094034,2027-09-10,Card,2476.97,2027-09-10
5777824005,73428596,2027-09-11,Card,4469.56,2027-09-11
8795242622,90246977,2027-09-12,Card,2861.87,2027-09-12
8561878376,12272282,2027-09-13,UPI,2729.1,2027-09-13
2113243643,66269844,2027-09-14,UPI,568.74,2027-09-14
8497820340,90586029,2027-09-15,UPI,5163.37,2027-09-15
3167184563,43860025,2027-09-16,UPI,3939.74,2027-09-16
9997121955,46623192,2027-09-17,UPI,1756.4,2027-09-17
2954397481,93318833,2027-09-18,Wallet,1120.6,2027-09-18
8125884987,31718565,2027-09-19,Wallet,2008.1,2027-09-19
3765873352,48418662,2027-09-20,UPI,1976.63,2027-09-20
7733310993,10562528,2027-09-21,Card,1253.38,2027-09-21
738093341,30823988,2027-09-22,UPI,686.4,2027-09-22
1837574319,24821281,2027-09-23,UPI,959.01,2027-09-23
2468420564,92027021,2027-09-24,UPI,5123.33,2027-09-24
5368005763,84824280,2027-09-25,Cash,1330.83,2027-09-25
3823949592,1683786,2027-09-26,Wallet,2722.55,2027-09-26
6298008063,24104630,2027-09-27,UPI,2461.13,2027-09-27
2499190829,17159117,2027-09-28,UPI,1851.53,2027-09-28
491116137,71615827,2027-09-29,Cash,346.87,2027-09-29
2206269404,96009692,2027-09-30,Wallet,2748.16,2027-09-30
1330806043,29415527,2027-10-01,Wallet,905.27,2027-10-01
6770858376,39957741,2027-10-02,Wallet,686.29,2027-10-02
4466716432,29689766,2027-10-03,Cash,2020.61,2027-10-03
8292554686,80833965,2027-10-04,Cash,3194.62,2027-10-04
4204069161,31576845,2027-10-05,Wallet,4044.58,2027-10-05
2163079658,74833221,2027-10-06,Wallet,2926.98,2027-10-06
6971561757,64940409,2027-10-07,UPI,1726.02,2027-10-07
7965253060,95912198,2027-10-08,Wallet,217.4,2027-10-08
8939040193,59141605,2027-10-09,UPI,321.94,2027-10-09
8322028211,54952806,2027-10-10,UPI,2567.25,2027-10-10
6865922682,14255231,2027-10-11,Card,3433.8,2027-10-11
5912729079,90919603,2027-10-12,Cash,2270.57,2027-10-12
8764776130,32054313,2027-10-13,Wallet,1622.5,2027-10-13
7769965629,65815155,2027-10-14,UPI,2756.21,2027-10-14
2166463032,98930670,2027-10-15,Card,1214.68,2027-10-15
7035343259,63310076,2027-10-16,UPI,2574.49,2027-10-16
8914775994,68985290,2027-10-17,UPI,1300.04,2027-10-17
7565647347,15808945,2027-10-18,UPI,3503.52,2027-10-18
6172215120,87823209,2027-10-19,Card,4452.81,2027-10-19
4043585691,61121421,2027-10-20,UPI,942.24,2027-10-20
3735186180,98709982,2027-10-21,UPI,2834.2,2027-10-21
5281459433,85519349,2027-10-22,Card,2527.71,2027-10-22
424087401,90753712,2027-10-23,Cash,96.09,2027-10-23
884327245,24337950,2027-10-24,UPI,2116.49,2027-10-24
6318008970,30265929,2027-10-25,UPI,1887.26,2027-10-25
3792751421,2414265,2027-10-26,UPI,2090,2027-10-26
5471255539,15391556,2027-10-27,Wallet,1199.03,2027-10-27
9917290378,6245778,2027-10-28,Cash,789.13,2027-10-28
208989475,94713625,2027-10-29,Cash,2973.06,2027-10-29
7672827556,70589930,2027-10-30,Wallet,2259.19,2027-10-30
3792912325,39153585,2027-10-31,Wallet,2026.4,2027-10-31
2478533601,9097480,2027-11-01,Card,2241.03,2027-11-01
2255745327,58974323,2027-11-02,Cash,4140.09,2027-11-02
8612261848,46208150,2027-11-03,Wallet,1495.6,2027-11-03
6949810049,87463923,2027-11-04,UPI,1778.56,2027-11-04
2399456941,47625855,2027-11-05,Card,2306.69,2027-11-05
6292969164,45477575,2027-11-06,Wallet,822.63,2027-11-06
2929485756,30979436,2027-11-07,UPI,946.86,2027-11-07
8757869416,85518832,2027-11-08,Cash,3314.13,2027-11-08
2653966619,52428250,2027-11-09,Card,3588.19,2027-11-09
336103625,28663279,2027-11-10,UPI,3997.03,2027-11-10
3727289407,10225164,2027-11-11,Wallet,616.45,2027-11-11
701250513,10240052,2027-11-12,Wallet,2490.5,2027-11-12
101816977,26903313,2027-11-13,Wallet,3486.1,2027-11-13
7838223552,85854265,2027-11-14,UPI,1597.81,2027-11-14
4123140013,80759416,2027-11-15,UPI,3299.24,2027-11-15
9821008306,49433260,2027-11-16,Wallet,2532.31,2027-11-16
5414882934,44223796,2027-11-17,Wallet,3284.27,2027-11-17
9257313140,24337950,2027-11-18,Wallet,726.41,2027-11-18
3857021231,91973128,2027-11-19,Wallet,3536.94,2027-11-19
1606381345,31940833,2027-11-20,Cash,3635.31,2027-11-20
239830094,99627097,2027-11-21,Cash,416.65,2027-11-21
580582858,59398136,2027-11-22,UPI,2313.35,2027-11-22
4191340899,90649019,2027-11-23,Card,3432.55,2027-11-23
1013630716,85763665,2027-11-24,Cash,1090.39,2027-11-24
8220017366,91550885,2027-11-25,Cash,1908.33,2027-11-25
4353485612,77007315,2027-11-26,Card,1938.72,2027-11-26
8682172393,97141762,2027-11-27,UPI,1178.54,2027-11-27
4085089017,50899600,2027-11-28,Cash,2626.4,2027-11-28
1287686307,79076101,2027-11-29,Cash,4331.6,2027-11-29
4425450216,40192266,2027-11-30,UPI,3481.37,2027-11-30
7799346570,37947202,2027-12-01,Cash,1793.58,2027-12-01
5917975686,37054866,2027-12-02,UPI,4269.53,2027-12-02
9588500388,84448310,2027-12-03,Cash,3251.31,2027-12-03
3963207709,99893898,2027-12-04,Cash,972.69,2027-12-04
2217466286,9278983,2027-12-05,Wallet,1217.33,2027-12-05
7130088913,86444757,2027-12-06,Card,3069.34,2027-12-06
9064682961,17597449,2027-12-07,Cash,3580.75,2027-12-07
6060156146,92404798,2027-12-08,UPI,2318.9,2027-12-08
3106610673,74762653,2027-12-09,Cash,3473.22,2027-12-09
442408751,56780331,2027-12-10,Wallet,3090.37,2027-12-10
353571238,60561655,2027-12-11,Wallet,1897.21,2027-12-11
4670530333,42723554,2027-12-12,Wallet,354.91,2027-12-12
4961370923,61020,2027-12-13,Card,2560.3,2027-12-13
8946821991,31582950,2027-12-14,Cash,888.04,2027-12-14
5720622852,66130660,2027-12-15,Cash,874.78,2027-12-15
7305353953,42012717,2027-12-16,Cash,2119.6,2027-12-16
1402723627,85006599,2027-12-17,Wallet,2859.77,2027-12-17
9820620357,243838,2027-12-18,Card,508,2027-12-18
1930286155,51034600,2027-12-19,Cash,1176.51,2027-12-19
6759029950,83577942,2027-12-20,UPI,2592.56,2027-12-20
9032188284,59427862,2027-12-21,Wallet,1036.64,2027-12-21
9490161602,28663279,2027-12-22,UPI,3143.9,2027-12-22
8565257085,33034249,2027-12-23,Card,3634.1,2027-12-23
4884845960,34156884,2027-12-24,Cash,1478.33,2027-12-24
6181604084,4200802,2027-12-25,UPI,858.57,2027-12-25
2718508408,20360447,2027-12-26,UPI,4588.23,2027-12-26
8354866000,80696046,2027-12-27,Wallet,2962.96,2027-12-27
8025728977,26912171,2027-12-28,Card,2971.34,2027-12-28
6531356394,85561151,2027-12-29,Card,3830.42,2027-12-29
5489184758,49529811,2027-12-30,Card,4046.84,2027-12-30
1377599881,48481702,2027-12-31,Card,3323.75,2027-12-31
227162938,28111842,2028-01-01,Cash,3716.9,2028-01-01
3449083612,91382237,2028-01-02,Card,2046.71,2028-01-02
5662514948,30455484,2028-01-03,Card,2918.62,2028-01-03
2034571482,86167288,2028-01-04,Card,1422.49,2028-01-04
348782569,72415263,2028-01-05,Wallet,3781.09,2028-01-05
8697396531,21282544,2028-01-06,Wallet,1573.66,2028-01-06
3538455450,77345018,2028-01-07,UPI,2447.04,2028-01-07
7513290139,26285589,2028-01-08,Cash,1758.17,2028-01-08
8320461939,83298567,2028-01-09,Card,367.08,2028-01-09
8217899522,18465047,2028-01-10,Wallet,3369.67,2028-01-10
4217056877,2903620,2028-01-11,Cash,1670.56,2028-01-11
3684167813,46563355,2028-01-12,Cash,1409.35,2028-01-12
5351904164,97411107,2028-01-13,Cash,2561.94,2028-01-13
2731829604,46615831,2028-01-14,Card,4047.69,2028-01-14
7162485958,75081265,2028-01-15,Card,1996.41,2028-01-15
4830502113,89867195,2028-01-16,Cash,3494.42,2028-01-16
9797013595,80571942,2028-01-17,Wallet,418.44,2028-01-17
9487843345,23794330,2028-01-18,Cash,1311.48,2028-01-18
2148242015,39093069,2028-01-19,UPI,3239.66,2028-01-19
7465258008,51503088,2028-01-20,UPI,2017.35,2028-01-20
8875274470,57102800,2028-01-21,Card,818.16,2028-01-21
7049717910,44410149,2028-01-22,Card,3737.72,2028-01-22
4829897426,25587553,2028-01-23,Cash,1546.87,2028-01-23
3532186218,24456825,2028-01-24,Cash,3201.86,2028-01-24
6897674900,79592021,2028-01-25,UPI,3980.78,2028-01-25
163895717,61982521,2028-01-26,UPI,2751.59,2028-01-26
9857592403,84275450,2028-01-27,Wallet,4315.44,2028-01-27
2521197661,13251137,2028-01-28,Card,2777.53,2028-01-28
488314125,5716817,2028-01-29,UPI,2359.91,2028-01-29
5073549838,75082508,2028-01-30,Wallet,1872.31,2028-01-30
6399568661,82594354,2028-01-31,UPI,4593.22,2028-01-31
3672658084,48228547,2028-02-01,UPI,895.36,2028-02-01
8273236145,85763665,2028-02-02,Card,1626.93,2028-02-02
3411233779,79991320,2028-02-03,Cash,1018.02,2028-02-03
8024667539,31622158,2028-02-04,Cash,1682.78,2028-02-04
6112199794,77086539,2028-02-05,Wallet,3227.41,2028-02-05
9484473160,21456226,2028-02-06,Card,1966.28,2028-02-06
9729709418,45323391,2028-02-07,Cash,2729.56,2028-02-07
7900224799,68692574,2028-02-08,Cash,4099.05,2028-02-08
1821414490,75632045,2028-02-09,Card,3493.06,2028-02-09
5813507399,76019750,2028-02-10,UPI,4495.56,2028-02-10
3928003125,53636086,2028-02-11,Wallet,1809.81,2028-02-11
5271866987,10562528,2028-02-12,Card,947.95,2028-02-12
9794537731,85869195,2028-02-13,Cash,3740.13,2028-02-13
4852718488,71902700,2028-02-14,UPI,1364.65,2028-02-14
8300546273,13796199,2028-02-15,Wallet,1251.92,2028-02-15
976104194,6061349,2028-02-16,Card,3210.73,2028-02-16
5373961125,57081917,2028-02-17,Card,1187,2028-02-17
6056126973,48765625,2028-02-18,UPI,1172.69,2028-02-18
6352881332,80517784,2028-02-19,Cash,3222.29,2028-02-19
1643234106,37691544,2028-02-20,Wallet,1196.7,2028-02-20
8697966993,85869195,2028-02-21,Card,3078.59,2028-02-21
2276061263,83701325,2028-02-22,UPI,837.78,2028-02-22
4045613782,61763552,2028-02-23,UPI,2243.07,2028-02-23
2959828441,9987182,2028-02-24,Card,4265.84,2028-02-24
3514589876,59620534,2028-02-25,UPI,976.55,2028-02-25
9444081952,72576730,2028-02-26,Card,353.53,2028-02-26
8183959589,26752630,2028-02-27,Wallet,299.27,2028-02-27
1712832927,5228136,2028-02-28,UPI,2657.42,2028-02-28
8162867215,25713335,2028-02-29,UPI,1564.84,2028-02-29
4160230443,87889031,2028-03-01,Card,367.08,2028-03-01
9787535949,57340963,2028-03-02,UPI,1488.91,2028-03-02
3423995261,75928073,2028-03-03,Wallet,1047.55,2028-03-03
1523343168,80862136,2028-03-04,UPI,582.87,2028-03-04
1948066291,61320989,2028-03-05,Cash,225.21,2028-03-05
2021361582,99695529,2028-03-06,Cash,3475.69,2028-03-06
7491420331,27504517,2028-03-07,Wallet,1567.06,2028-03-07
994840771,85088479,2028-03-08,Wallet,1819.74,2028-03-08
6277344634,11202130,2028-03-09,UPI,3940.47,2028-03-09
4092653338,13604883,2028-03-10,UPI,2455.06,2028-03-10
7213712604,49433260,2028-03-11,Cash,780,2028-03-11
7326709115,22800586,2028-03-12,Card,783.96,2028-03-12
9419789569,8733344,2028-03-13,Wallet,3361.63,2028-03-13
5388191488,74735607,2028-03-14,Card,4238.13,2028-03-14
9065873433,32635818,2028-03-15,Cash,2534.9,2028-03-15
4627342297,88843865,2028-03-16,UPI,2033.74,2028-03-16
4286971111,469006,2028-03-17,Cash,1480.41,2028-03-17
645282074,13265605,2028-03-18,Wallet,3337.4,2028-03-18
7260939789,39999278,2028-03-19,UPI,5770.21,2028-03-19
1716322448,95873651,2028-03-20,Cash,3162.99,2028-03-20
4293959647,820740,2028-03-21,UPI,878.07,2028-03-21
3331935300,29095552,2028-03-22,Wallet,482.06,2028-03-22
1775389576,15830066,2028-03-23,Wallet,941.19,2028-03-23
8194774262,46836361,2028-03-24,Cash,2879.54,2028-03-24
3615279775,61618079,2028-03-25,Wallet,2596.72,2028-03-25
11467999,78267238,2028-03-26,UPI,3051.19,2028-03-26
3971267196,8536503,2028-03-27,Card,946.86,2028-03-27
1584863963,61877649,2028-03-28,UPI,1176.5,2028-03-28
1557893814,75244116,2028-03-29,Wallet,3950.09,2028-03-29
8172695964,45323391,2028-03-30,Card,1506.27,2028-03-30
7462800868,93127511,2028-03-31,Wallet,382.29,2028-03-31
5438961669,37245065,2028-04-01,UPI,354.91,2028-04-01
4904849001,93563435,2028-04-02,Wallet,5062.63,2028-04-02
4816980820,52613657,2028-04-03,Card,4876.13,2028-04-03
9004078716,55552600,2028-04-04,Card,2140.11,2028-04-04
8350353728,25585013,2028-04-05,Cash,2516.08,2028-04-05
1204084245,1342184,2028-04-06,Card,2833.97,2028-04-06
4142209897,44557943,2028-04-07,Card,1361.67,2028-04-07
125551624,14693393,2028-04-08,Card,4082.47,2028-04-08
9970545044,22931642,2028-04-09,Cash,5453.47,2028-04-09
7976032064,72946405,2028-04-10,Wallet,1575.92,2028-04-10
8691567542,41640262,2028-04-11,Wallet,1173.69,2028-04-11
3592747590,12755730,2028-04-12,UPI,4217.22,2028-04-12
7495753437,4758426,2028-04-13,Card,3776.78,2028-04-13
3965847120,80761521,2028-04-14,Wallet,459.78,2028-04-14
9365984533,89704218,2028-04-15,Card,2082.97,2028-04-15
2948242102,13189939,2028-04-16,Wallet,2132.75,2028-04-16
6161193691,55693909,2028-04-17,Cash,1541.92,2028-04-17
5964122835,14006996,2028-04-18,UPI,2305.04,2028-04-18
8879377902,61320989,2028-04-19,Card,3034.16,2028-04-19
8158068874,64403005,2028-04-20,Wallet,3112.28,2028-04-20
7039570964,68941950,2028-04-21,Cash,3196.98,2028-04-21
5482913265,88324928,2028-04-22,Wallet,2486.56,2028-04-22
1018255782,2219590,2028-04-23,Card,2456.07,2028-04-23
8441505853,48409448,2028-04-24,UPI,3876.18,2028-04-24
3850018395,57674875,2028-04-25,Wallet,1228.6,2028-04-25
4884197611,28173165,2028-04-26,Wallet,2037.05,2028-04-26
5321849748,84468124,2028-04-27,Cash,1745.29,2028-04-27
9808738347,7728406,2028-04-28,Wallet,2800.78,2028-04-28
8727249149,35826539,2028-04-29,UPI,4510.56,2028-04-29
2772154780,50899600,2028-04-30,Card,370.81,2028-04-30
9128056381,98691989,2028-05-01,Wallet,475.78,2028-05-01
4461463308,81352781,2028-05-02,Card,2638.38,2028-05-02
5636483988,34095555,2028-05-03,UPI,4151.57,2028-05-03
1532065529,75464725,2028-05-04,UPI,2175.43,2028-05-04
9933994647,83304571,2028-05-05,Cash,852.02,2028-05-05
4823026749,34835738,2028-05-06,Card,3211.3,2028-05-06
7453442245,77869660,2028-05-07,UPI,4894.89,2028-05-07
6519941559,29902416,2028-05-08,Cash,545.49,2028-05-08
3798769654,75913572,2028-05-09,Cash,371.29,2028-05-09
5034289521,21201299,2028-05-10,UPI,1415.21,2028-05-10
6971088688,11389698,2028-05-11,Card,2593.22,2028-05-11
5650184107,19771128,2028-05-12,UPI,3041.96,2028-05-12
5770410311,20956158,2028-05-13,Cash,4814.59,2028-05-13
274530126,35278126,2028-05-14,Cash,1841.66,2028-05-14
4819831152,66886852,2028-05-15,Cash,1757.75,2028-05-15
6977688323,56780331,2028-05-16,Card,3343.61,2028-05-16
2035952734,63360864,2028-05-17,UPI,1906.85,2028-05-17
3665334102,51476157,2028-05-18,Wallet,5578.4,2028-05-18
1862413314,48150243,2028-05-19,Card,1446.53,2028-05-19
4466643926,82989313,2028-05-20,Cash,781.08,2028-05-20
4470717835,76008165,2028-05-21,Wallet,1474.48,2028-05-21
3018086191,76359458,2028-05-22,Card,1775.03,2028-05-22
2447983559,99772709,2028-05-23,Cash,1031.06,2028-05-23
5116322704,63360864,2028-05-24,UPI,2386.24,2028-05-24
8941550852,54145987,2028-05-25,Card,198.15,2028-05-25
8026773850,94730288,2028-05-26,Wallet,1378.46,2028-05-26
2102402075,30317733,2028-05-27,UPI,1037.5,2028-05-27
989844439,30468930,2028-05-28,Cash,3217.54,2028-05-28
8426805628,11636968,2028-05-29,Card,1620.7,2028-05-29
7662188403,35554129,2028-05-30,Wallet,2497.79,2028-05-30
9141654140,77811864,2028-05-31,Wallet,2805.01,2028-05-31
5696947751,90745023,2028-06-01,UPI,1431.23,2028-06-01
8953871540,1601161,2028-06-02,UPI,683.46,2028-06-02
1767778760,67729191,2028-06-03,Cash,2977.3,2028-06-03
5516201271,73661993,2028-06-04,Cash,1210.9,2028-06-04
9358248664,75213636,2028-06-05,Cash,637.6,2028-06-05
1530424665,45700739,2028-06-06,Cash,3107.41,2028-06-06
7816293360,87669943,2028-06-07,UPI,4856.23,2028-06-07
1602396548,11063505,2028-06-08,Card,2790.67,2028-06-08
7938126128,26199489,2028-06-09,Card,877.89,2028-06-09
271744331,47274329,2028-06-10,UPI,97.04,2028-06-10
387311360,70221073,2028-06-11,Wallet,1358.19,2028-06-11
1286123100,45659330,2028-06-12,UPI,1243.74,2028-06-12
4832392771,10038382,2028-06-13,Card,2524.06,2028-06-13
4800106448,49970560,2028-06-14,Card,3048.99,2028-06-14
5500008514,31371112,2028-06-15,Cash,3605.53,2028-06-15
7879575037,7228206,2028-06-16,Cash,3446.01,2028-06-16
50845914,54893418,2028-06-17,Card,3226.44,2028-06-17
9766990467,48358028,2028-06-18,Card,186.08,2028-06-18
4215602937,66499992,2028-06-19,Wallet,1607.2,2028-06-19
238484255,73869823,2028-06-20,Cash,4305.06,2028-06-20
3293988248,89986926,2028-06-21,Wallet,1519.45,2028-06-21
5296157775,99231937,2028-06-22,Wallet,1565.22,2028-06-22
1143489067,21432404,2028-06-23,UPI,424.61,2028-06-23
8524452029,40986000,2028-06-24,Cash,4191.3,2028-06-24
4256779885,88745052,2028-06-25,Cash,1740.54,2028-06-25
7744686996,72946405,2028-06-26,Cash,1798.56,2028-06-26
5427462399,41647393,2028-06-27,Wallet,2098.17,2028-06-27
8596751747,66359719,2028-06-28,Card,2462.18,2028-06-28
4746468643,15144290,2028-06-29,UPI,3206.64,2028-06-29
3010047327,5716817,2028-06-30,Wallet,799.46,2028-06-30
1236959246,94033330,2028-07-01,Cash,1310.39,2028-07-01
6600422315,79726146,2028-07-02,UPI,3415.39,2028-07-02
3227252410,83023956,2028-07-03,Cash,4307.46,2028-07-03
6972292408,19682060,2028-07-04,Cash,658.16,2028-07-04
7562754470,10700664,2028-07-05,Wallet,317.82,2028-07-05
7361971676,27504517,2028-07-06,Card,532.57,2028-07-06
8875605037,93867669,2028-07-07,Card,3235.64,2028-07-07
8508253527,31233120,2028-07-08,UPI,452.6,2028-07-08
6798775600,24845814,2028-07-09,Cash,3645.18,2028-07-09
3624810422,42366724,2028-07-10,Cash,864.3,2028-07-10
4740213452,84066402,2028-07-11,Cash,3295.97,2028-07-11
3825468344,81337068,2028-07-12,UPI,1220.63,2028-07-12
902245665,44828791,2028-07-13,Cash,2047.24,2028-07-13
6874299189,24633671,2028-07-14,Card,4027.29,2028-07-14
1127125313,91312072,2028-07-15,Card,823.75,2028-07-15
3606548818,85354059,2028-07-16,Wallet,740.18,2028-07-16
5750044154,11636968,2028-07-17,UPI,2855.42,2028-07-17
3872847781,27727819,2028-07-18,Wallet,576.22,2028-07-18
5939554684,3875480,2028-07-19,Wallet,3071.72,2028-07-19
676412814,57291761,2028-07-20,UPI,2147.32,2028-07-20
4248390724,6390687,2028-07-21,Cash,877.98,2028-07-21
8938687150,97664747,2028-07-22,Cash,1313.92,2028-07-22
7898867047,899941,2028-07-23,Wallet,5189.5,2028-07-23
2142065357,469006,2028-07-24,Cash,2586.92,2028-07-24
9024719693,21597477,2028-07-25,Card,140.44,2028-07-25
8976616698,90346920,2028-07-26,UPI,3364.63,2028-07-26
8792586840,91566278,2028-07-27,UPI,1843.14,2028-07-27
5375387413,66768157,2028-07-28,Wallet,1934.8,2028-07-28
4252164097,72366758,2028-07-29,Card,163.55,2028-07-29
8423273411,5418547,2028-07-30,UPI,719.38,2028-07-30
2551179741,18791381,2028-07-31,UPI,2975.13,2028-07-31
227511348,11775073,2028-08-01,Card,2388.23,2028-08-01
4434464045,7591711,2028-08-02,Card,2148.83,2028-08-02
7041011843,35705377,2028-08-03,Card,1303.83,2028-08-03
6510283268,67383024,2028-08-04,Wallet,1452.76,2028-08-04
6853654698,85198177,2028-08-05,Card,2101.23,2028-08-05
9338996795,2219590,2028-08-06,Card,951.43,2028-08-06
7346145952,96629258,2028-08-07,Cash,264.89,2028-08-07
6497069610,52672659,2028-08-08,Card,1416.18,2028-08-08
1741402363,87200291,2028-08-09,UPI,1729.82,2028-08-09
4825878367,46717997,2028-08-10,Card,4152.86,2028-08-10
7019011442,41640262,2028-08-11,Cash,3612.65,2028-08-11
1674463798,52085702,2028-08-12,UPI,3497.86,2028-08-12
305684588,46876240,2028-08-13,UPI,4199.86,2028-08-13
5967495442,77086074,2028-08-14,Card,707.67,2028-08-14
2571047526,90665975,2028-08-15,UPI,651.93,2028-08-15
7784811086,53332493,2028-08-16,UPI,2387.27,2028-08-16
7942005230,78614729,2028-08-17,Wallet,281.73,2028-08-17
6653543195,95334407,2028-08-18,Wallet,1617.62,2028-08-18
397928918,71902700,2028-08-19,Card,797.99,2028-08-19
776120140,25128143,2028-08-20,Card,430.41,2028-08-20
8293188779,28991365,2028-08-21,UPI,4286.09,2028-08-21
178737268,2164524,2028-08-22,UPI,726.41,2028-08-22
5246598523,90665975,2028-08-23,Cash,3057.36,2028-08-23
1172544737,30188374,2028-08-24,Cash,1080.33,2028-08-24
6419533291,92404798,2028-08-25,Wallet,2555.75,2028-08-25
882083749,51833636,2028-08-26,Cash,1142.73,2028-08-26
3185510401,43990799,2028-08-27,UPI,749.5,2028-08-27
7760767006,93018527,2028-08-28,UPI,1014.49,2028-08-28
3833878150,644189,2028-08-29,Cash,3376,2028-08-29
369899578,44198187,2028-08-30,Cash,2313.22,2028-08-30
1944466212,70798876,2028-08-31,UPI,2523.57,2028-08-31
4064447117,6061349,2028-09-01,Cash,2534.24,2028-09-01
1553685597,22822088,2028-09-02,Card,2962.71,2028-09-02
3682284811,96009692,2028-09-03,UPI,4471.32,2028-09-03
291439357,62679120,2028-09-04,UPI,2008.62,2028-09-04
8285784194,17390673,2028-09-05,UPI,1107.52,2028-09-05
5058742647,29562254,2028-09-06,UPI,1943.59,2028-09-06
6917020296,34655710,2028-09-07,Card,705.42,2028-09-07
6671181961,50968312,2028-09-08,Wallet,2732,2028-09-08
5123439997,89886179,2028-09-09,Cash,1789.27,2028-09-09
8510183245,3897936,2028-09-10,Wallet,2914.71,2028-09-10
6081384585,94529626,2028-09-11,Cash,4519.77,2028-09-11
4423613746,98088303,2028-09-12,UPI,4916.33,2028-09-12
1530472691,82169898,2028-09-13,UPI,3469.84,2028-09-13
7009303199,85519349,2028-09-14,UPI,3223.07,2028-09-14
5386652055,71252391,2028-09-15,Card,2799.46,2028-09-15
4413239746,22915611,2028-09-16,UPI,811.95,2028-09-16
4988875078,65514005,2028-09-17,UPI,3485.65,2028-09-17
1617565217,43518622,2028-09-18,UPI,2865.04,2028-09-18
392038758,24144240,2028-09-19,Card,3639.23,2028-09-19
1828727552,12455156,2028-09-20,Cash,2106.13,2028-09-20
7119397338,25850478,2028-09-21,Cash,874.78,2028-09-21
2611271708,11446157,2028-09-22,Card,1171.77,2028-09-22
7162509481,1174162,2028-09-23,Wallet,1157.52,2028-09-23
131913576,48228547,2028-09-24,Wallet,2136.82,2028-09-24
6627201490,28991365,2028-09-25,Cash,1393.12,2028-09-25
4644950813,81655250,2028-09-26,Card,2392.8,2028-09-26
9434934993,92027021,2028-09-27,Cash,698.38,2028-09-27
2556317798,29562072,2028-09-28,Cash,1675.35,2028-09-28
2826150539,24456825,2028-09-29,Card,2121.58,2028-09-29
4283803308,4543215,2028-09-30,UPI,2653.37,2028-09-30
6873424093,35705377,2028-10-01,UPI,2891.16,2028-10-01
4741294126,66354642,2028-10-02,Cash,2218.23,2028-10-02
4967241271,45708879,2028-10-03,Wallet,641.98,2028-10-03
9554079946,69516494,2028-10-04,Wallet,3528.74,2028-10-04
4601205399,97111069,2028-10-05,Wallet,3250.65,2028-10-05
5633967304,72605638,2028-10-06,Cash,2009.59,2028-10-06
4168163237,47503133,2028-10-07,Wallet,1178.88,2028-10-07
5924297360,59197894,2028-10-08,Wallet,723.44,2028-10-08
2120299901,28499191,2028-10-09,Card,1204.42,2028-10-09
1070876534,59329145,2028-10-10,Cash,4573.95,2028-10-10
7032280048,18567760,2028-10-11,UPI,1403.74,2028-10-11
156346853,57331847,2028-10-12,Card,1506.38,2028-10-12
6873267326,45546750,2028-10-13,Cash,2229.88,2028-10-13
1370661468,64795608,2028-10-14,Wallet,957.45,2028-10-14
3612128358,8513589,2028-10-15,UPI,1654.11,2028-10-15
1736953222,86704661,2028-10-16,Wallet,3889.08,2028-10-16
9107923488,85354059,2028-10-17,Wallet,2768.96,2028-10-17
4378877600,46989310,2028-10-18,Wallet,1365.37,2028-10-18
3232762361,22613559,2028-10-19,Wallet,2843.52,2028-10-19
1831641377,76971644,2028-10-20,Cash,3402.24,2028-10-20
562428866,57833505,2028-10-21,Card,896.97,2028-10-21
4607715908,59095971,2028-10-22,UPI,4650.66,2028-10-22
4804575203,53974737,2028-10-23,Wallet,1762.54,2028-10-23
8287234948,47939657,2028-10-24,UPI,1856.75,2028-10-24
6074452586,78806824,2028-10-25,Cash,81.35,2028-10-25
6821790656,66710182,2028-10-26,Wallet,2094.62,2028-10-26
7821942520,84468124,2028-10-27,Wallet,2732.91,2028-10-27
3012496270,27604184,2028-10-28,UPI,2270.44,2028-10-28
8980370750,76971644,2028-10-29,Card,901.58,2028-10-29
6535672015,4758426,2028-10-30,UPI,2685.35,2028-10-30
6999060704,15534747,2028-10-31,Wallet,672.73,2028-10-31
9403732731,73393269,2028-11-01,Cash,2995.55,2028-11-01
5649255352,84119685,2028-11-02,Cash,3938.48,2028-11-02
5034409841,46629917,2028-11-03,Wallet,2746.95,2028-11-03
9072111617,49985597,2028-11-04,UPI,2799.39,2028-11-04
9556880451,48778633,2028-11-05,Card,4818.86,2028-11-05
4602796463,22047134,2028-11-06,UPI,2500.69,2028-11-06
6061353924,49241309,2028-11-07,Wallet,1424.69,2028-11-07
4366519080,63339001,2028-11-08,Cash,2771.3,2028-11-08
1324817141,71694275,2028-11-09,Card,5053.37,2028-11-09
5419080144,55404382,2028-11-10,Cash,2197.72,2028-11-10
8813470284,57537308,2028-11-11,Card,1665.1,2028-11-11
3182992799,81906973,2028-11-12,Cash,4329.87,2028-11-12
7792996715,22081691,2028-11-13,Card,949.2,2028-11-13
6962624734,88866835,2028-11-14,Wallet,3579.41,2028-11-14
5948662456,35988028,2028-11-15,Card,4187.66,2028-11-15
3395675979,88202341,2028-11-16,Cash,2930.34,2028-11-16
7550368787,51592174,2028-11-17,Cash,5268.01,2028-11-17
8357671697,97388817,2028-11-18,Wallet,39.65,2028-11-18
9600704922,90372221,2028-11-19,Cash,2378.52,2028-11-19
9915229426,12832151,2028-11-20,Cash,37.8,2028-11-20
9927474026,94137242,2028-11-21,Cash,530.85,2028-11-21
6310535397,21461764,2028-11-22,Card,5015.88,2028-11-22
8045941430,67829645,2028-11-23,Wallet,2667.64,2028-11-23
4390394582,49795571,2028-11-24,Cash,1170.39,2028-11-24
5062545226,84275450,2028-11-25,Wallet,2945.03,2028-11-25
2836701831,62323608,2028-11-26,Card,354.52,2028-11-26
4115492281,32540616,2028-11-27,Wallet,4248.74,2028-11-27
3554645781,26227445,2028-11-28,Card,2108.47,2028-11-28
3983605701,19067680,2028-11-29,Card,3627.25,2028-11-29
8581516385,8241122,2028-11-30,Card,681.54,2028-11-30
8290229112,88923048,2028-12-01,Wallet,517.77,2028-12-01
1195560119,83039559,2028-12-02,Cash,552.2,2028-12-02
5077327994,243838,2028-12-03,Card,2694.01,2028-12-03
2945185661,81102955,2028-12-04,Card,374.68,2028-12-04
3951005873,52085702,2028-12-05,Wallet,832.06,2028-12-05
3490816523,25128143,2028-12-06,Card,4284.99,2028-12-06
6739114301,51544662,2028-12-07,UPI,671.55,2028-12-07
5728818155,31000129,2028-12-08,Cash,2215.55,2028-12-08
7713651693,8351747,2028-12-09,Wallet,422.87,2028-12-09
5452048621,22483684,2028-12-10,Wallet,947.95,2028-12-10
2297027645,36578947,2028-12-11,Card,2036.46,2028-12-11
2438302298,77862447,2028-12-12,Cash,1175.49,2028-12-12
578811216,75739462,2028-12-13,Wallet,1980.99,2028-12-13
8684710720,74172010,2028-12-14,Cash,1644.14,2028-12-14
1249797614,54797119,2028-12-15,Card,2735.5,2028-12-15
8013026217,52337289,2028-12-16,Cash,2368,2028-12-16
5421697986,95971469,2028-12-17,Wallet,3487.72,2028-12-17
8922741261,22133362,2028-12-18,Cash,2993.51,2028-12-18
3441102335,12077371,2028-12-19,Wallet,1197.76,2028-12-19
6065607924,91868185,2028-12-20,UPI,965.88,2028-12-20
5153395650,94033330,2028-12-21,Card,1099.91,2028-12-21
2215235447,88215615,2028-12-22,Card,163.03,2028-12-22
5678676134,76917159,2028-12-23,Card,1292.08,2028-12-23
5045588926,67092149,2028-12-24,UPI,2558.43,2028-12-24
1677502866,24644542,2028-12-25,UPI,83.18,2028-12-25
4777610024,81808190,2028-12-26,Cash,1801.32,2028-12-26
477350788,3638834,2028-12-27,UPI,941.19,2028-12-27
4616699342,11446157,2028-12-28,Card,277.2,2028-12-28
8849914077,32527479,2028-12-29,Wallet,3890.81,2028-12-29
9183435457,25722990,2028-12-30,Card,2131.39,2028-12-30
6922646336,92416428,2028-12-31,Cash,3777.74,2028-12-31
3228806806,70543108,2029-01-01,Wallet,1475.75,2029-01-01
4893095476,21409946,2029-01-02,Card,2376.4,2029-01-02
7773468233,22210238,2029-01-03,Wallet,2685.53,2029-01-03
5928657526,22076522,2029-01-04,Card,2020.58,2029-01-04
4435936422,47206881,2029-01-05,Wallet,1250.93,2029-01-05
6031122324,28603182,2029-01-06,UPI,3472.94,2029-01-06
7286969496,75913572,2029-01-07,Card,2193.54,2029-01-07
4665508413,77035814,2029-01-08,Cash,2902.2,2029-01-08
9224598372,50015282,2029-01-09,UPI,3973.73,2029-01-09
842020543,99231937,2029-01-10,UPI,1387.32,2029-01-10
7237143327,96253172,2029-01-11,UPI,1430.36,2029-01-11
5095141954,1469696,2029-01-12,Card,3229.91,2029-01-12
6229535077,77869660,2029-01-13,Cash,2219.96,2029-01-13
2984879441,16379942,2029-01-14,Cash,736.92,2029-01-14
785895477,11389698,2029-01-15,Wallet,397.68,2029-01-15
6220343481,79895967,2029-01-16,UPI,3373.51,2029-01-16
5897343054,52815265,2029-01-17,Card,171.2,2029-01-17
60465,15808945,2029-01-18,UPI,589.47,2029-01-18
2245476104,8628482,2029-01-19,Wallet,3898.9,2029-01-19
6347292505,83597876,2029-01-20,Cash,951.43,2029-01-20
8321900643,1655637,2029-01-21,Card,3517.14,2029-01-21
9639033064,20314691,2029-01-22,Card,3291.28,2029-01-22
2748368258,92404798,2029-01-23,Card,870.29,2029-01-23
1444371693,9274874,2029-01-24,Card,869.55,2029-01-24
7111342746,35459748,2029-01-25,Card,2441.75,2029-01-25
9457576236,80800079,2029-01-26,UPI,826.21,2029-01-26
4167252733,70589930,2029-01-27,Cash,878.07,2029-01-27
4304875010,89995124,2029-01-28,UPI,1994.43,2029-01-28
4870910859,88532418,2029-01-29,Card,1609.67,2029-01-29
3674118222,32868927,2029-01-30,UPI,634.28,2029-01-30
38408517,39674723,2029-01-31,Cash,88.43,2029-01-31
3081609596,7076456,2029-02-01,Card,3555.24,2029-02-01
1390229631,67952740,2029-02-02,UPI,959.01,2029-02-02
7498092418,50968312,2029-02-03,Cash,918.36,2029-02-03
3334055527,79298972,2029-02-04,Cash,1874.14,2029-02-04
8729426842,37904682,2029-02-05,Wallet,2010.82,2029-02-05
1722808791,51014003,2029-02-06,Cash,4509.16,2029-02-06
9775070757,55042740,2029-02-07,UPI,1717.21,2029-02-07
4737779056,43980719,2029-02-08,Wallet,785.67,2029-02-08
2047483376,11493380,2029-02-09,Card,4363.62,2029-02-09
4758632331,34853377,2029-02-10,UPI,329.79,2029-02-10
4741574337,40841791,2029-02-11,Cash,3284.15,2029-02-11
5805120939,12277039,2029-02-12,Wallet,3209.77,2029-02-12
7550508,93127511,2029-02-13,Card,1067.68,2029-02-13
1966056265,63802820,2029-02-14,Card,3447.86,2029-02-14
6363072906,29095552,2029-02-15,Card,1191.83,2029-02-15
7389054351,25585013,2029-02-16,Cash,3840.78,2029-02-16
7146572423,80954112,2029-02-17,UPI,3748.84,2029-02-17
4590810848,20298398,2029-02-18,Cash,2867.36,2029-02-18
9226364404,29858395,2029-02-19,Wallet,2455.82,2029-02-19
6687792641,93924203,2029-02-20,Wallet,1545.05,2029-02-20
5183577434,2134827,2029-02-21,Card,805.28,2029-02-21
7440785414,72132838,2029-02-22,UPI,4073.91,2029-02-22
7932057095,73363613,2029-02-23,UPI,1009.42,2029-02-23
6126906924,33675108,2029-02-24,Card,505.31,2029-02-24
8997788831,72495274,2029-02-25,Card,2656.18,2029-02-25
3480516243,23567263,2029-02-26,UPI,2854.52,2029-02-26
1234692850,76971644,2029-02-27,UPI,310.69,2029-02-27
4954911880,82359623,2029-02-28,Wallet,2079.76,2029-02-28
504060154,55060796,2029-03-01,Card,1828.77,2029-03-01
8723752267,13494314,2029-03-02,Card,3290.63,2029-03-02
5724116944,93938425,2029-03-03,Cash,3853.5,2029-03-03
8161349145,19080489,2029-03-04,Cash,3929.07,2029-03-04
2985254380,73377004,2029-03-05,Cash,2389.3,2029-03-05
9837170359,42723554,2029-03-06,Card,1785.4,2029-03-06
3915323515,32987624,2029-03-07,Card,3105.35,2029-03-07
8829163586,11387110,2029-03-08,Card,2922.5,2029-03-08
961526405,63083547,2029-03-09,Cash,1022.7,2029-03-09
5792721465,49617892,2029-03-10,Card,4645.02,2029-03-10
8094117960,95018817,2029-03-11,Cash,1473.88,2029-03-11
9318325652,89986926,2029-03-12,UPI,1967.45,2029-03-12
852676412,65570302,2029-03-13,Wallet,3996.42,2029-03-13
6487883093,37309023,2029-03-14,Card,423.56,2029-03-14
5398965602,99412119,2029-03-15,Card,2721.96,2029-03-15
6149664144,52678787,2029-03-16,Card,3045.23,2029-03-16
6231586256,12755730,2029-03-17,UPI,1467.19,2029-03-17
4598622116,85518832,2029-03-18,Cash,2982.31,2029-03-18
8971796779,21786873,2029-03-19,Wallet,1673.85,2029-03-19
2148246883,93563435,2029-03-20,Card,2742.01,2029-03-20
4357632507,6150721,2029-03-21,Cash,923.84,2029-03-21
3323576462,20163931,2029-03-22,UPI,2160.52,2029-03-22
4220834107,74682740,2029-03-23,UPI,422.14,2029-03-23
4409513224,12814732,2029-03-24,Card,947.24,2029-03-24
5610159677,90184276,2029-03-25,Wallet,1883.53,2029-03-25
6259219127,21577948,2029-03-26,Card,2162.88,2029-03-26
5628497118,50229203,2029-03-27,Card,2543.92,2029-03-27
1508576390,81541985,2029-03-28,UPI,1407.4,2029-03-28
5922953060,96628029,2029-03-29,Card,1867.74,2029-03-29
5130838561,10524732,2029-03-30,Wallet,319.8,2029-03-30
3217749279,40643232,2029-03-31,Cash,995.64,2029-03-31
9279422297,15043066,2029-04-01,Card,2129.39,2029-04-01
222955546,51661209,2029-04-02,Wallet,123.3,2029-04-02
8290493339,69340015,2029-04-03,Card,316.02,2029-04-03
6418952352,34381941,2029-04-04,Card,2310.95,2029-04-04
8978231928,73799927,2029-04-05,Wallet,1938.5,2029-04-05
3746306403,47625855,2029-04-06,Wallet,2987.17,2029-04-06
3157198428,61753272,2029-04-07,Cash,635.77,2029-04-07
981939883,51119088,2029-04-08,Cash,3449.49,2029-04-08
6569836274,5228136,2029-04-09,Cash,939.55,2029-04-09
5695124358,90144978,2029-04-10,Cash,1927.44,2029-04-10
773335066,26935187,2029-04-11,Card,2980.84,2029-04-11
3618712852,27049432,2029-04-12,Wallet,3254.15,2029-04-12
6009732867,6982488,2029-04-13,Cash,2793.26,2029-04-13
7269785858,47939657,2029-04-14,Cash,2799.31,2029-04-14
5798831066,42102289,2029-04-15,UPI,1395.01,2029-04-15
5330654120,90299101,2029-04-16,Wallet,2238.94,2029-04-16
462189338,34755436,2029-04-17,Card,3958.23,2029-04-17
7536187765,19091057,2029-04-18,Cash,4205.85,2029-04-18
9938820107,27304727,2029-04-19,Cash,3090.23,2029-04-19
9410751894,44859592,2029-04-20,Cash,755.91,2029-04-20
9172888683,71956734,2029-04-21,UPI,308.31,2029-04-21
8018695018,68419593,2029-04-22,UPI,651.93,2029-04-22
7456610316,74231111,2029-04-23,Wallet,4217.75,2029-04-23
5627902734,69415494,2029-04-24,UPI,3265.08,2029-04-24
5189768940,50045027,2029-04-25,Cash,530.85,2029-04-25
173709007,43034188,2029-04-26,UPI,2685.03,2029-04-26
1485229334,17132416,2029-04-27,Card,2966.09,2029-04-27
9334479603,49147776,2029-04-28,Card,2248.31,2029-04-28
8674211510,10562528,2029-04-29,Wallet,1028.49,2029-04-29
390257855,5228136,2029-04-30,UPI,2763.17,2029-04-30
6642374542,32019725,2029-05-01,Cash,4537.51,2029-05-01
6585999443,93730857,2029-05-02,UPI,354.52,2029-05-02
622705569,93723634,2029-05-03,Card,990.34,2029-05-03
1635083835,79135318,2029-05-04,Card,2104.24,2029-05-04
7359512417,96511007,2029-05-05,Card,1010.15,2029-05-05
9237698013,79895967,2029-05-06,UPI,2101,2029-05-06
3492935177,3660263,2029-05-07,Wallet,899.58,2029-05-07
4324086468,68486301,2029-05-08,Card,3675.75,2029-05-08
9171218505,89968482,2029-05-09,Cash,4727.19,2029-05-09
5068157547,46741896,2029-05-10,UPI,3073.17,2029-05-10
8558710948,70459847,2029-05-11,Wallet,3199.48,2029-05-11
3184669775,71643758,2029-05-12,Cash,4406.88,2029-05-12
7079324691,38902193,2029-05-13,UPI,1955.04,2029-05-13
4210311922,56195475,2029-05-14,UPI,340.36,2029-05-14
7660037070,82585664,2029-05-15,Wallet,2558.05,2029-05-15
9410025634,59643062,2029-05-16,Card,3566.13,2029-05-16
6798589010,18035010,2029-05-17,UPI,935.2,2029-05-17
5401466202,12305040,2029-05-18,Card,4220.5,2029-05-18
9102648124,81533356,2029-05-19,UPI,2393.42,2029-05-19
1969956670,32203588,2029-05-20,Wallet,730.66,2029-05-20
1194228460,61516967,2029-05-21,Card,4057.11,2029-05-21
9628463148,12814732,2029-05-22,UPI,4238.73,2029-05-22
7745364283,25585013,2029-05-23,Wallet,722.02,2029-05-23
9892343037,55472026,2029-05-24,Cash,879.67,2029-05-24
1588828749,11540364,2029-05-25,UPI,3402.86,2029-05-25
4037647778,63802820,2029-05-26,Wallet,1697.37,2029-05-26
6664301655,57474553,2029-05-27,Wallet,4469.96,2029-05-27
7096225581,6319646,2029-05-28,Wallet,2458.6,2029-05-28
79029185,39645619,2029-05-29,Cash,1039.32,2029-05-29
7831967187,81528623,2029-05-30,Card,923.84,2029-05-30
482214790,31156674,2029-05-31,Wallet,631.7,2029-05-31
5931307224,2361575,2029-06-01,Cash,4401.93,2029-06-01
6410432854,28995786,2029-06-02,Wallet,831.1,2029-06-02
6124624375,26844216,2029-06-03,Wallet,2750.43,2029-06-03
8992870838,46504355,2029-06-04,Cash,2952.73,2029-06-04
8377146126,33331259,2029-06-05,Wallet,3171.87,2029-06-05
7852428533,9246851,2029-06-06,Wallet,895.48,2029-06-06
9258876870,26303194,2029-06-07,Wallet,1155.09,2029-06-07
6810940082,84953008,2029-06-08,Cash,1995.03,2029-06-08
3330538479,98246574,2029-06-09,Card,2408.31,2029-06-09
7270469981,22210238,2029-06-10,UPI,4419.3,2029-06-10
5636241570,94281220,2029-06-11,UPI,482.06,2029-06-11
4467471002,74179536,2029-06-12,Wallet,1496.97,2029-06-12
6201821502,45166203,2029-06-13,UPI,1548.37,2029-06-13
6144140039,66233704,2029-06-14,Cash,223.27,2029-06-14
3310749597,95372766,2029-06-15,Cash,1718.88,2029-06-15
5085488484,67215939,2029-06-16,Cash,3736.39,2029-06-16
587498345,69863493,2029-06-17,Cash,3056.03,2029-06-17
5136205193,82804543,2029-06-18,Card,1273.97,2029-06-18
9321319130,48943848,2029-06-19,Card,1466.04,2029-06-19
9113393578,82359623,2029-06-20,Cash,1634.71,2029-06-20
3860678807,65488134,2029-06-21,Card,1834.92,2029-06-21
3603683788,31026200,2029-06-22,UPI,3085.77,2029-06-22
4472082279,41181125,2029-06-23,UPI,3887.92,2029-06-23
4104732514,35156679,2029-06-24,Cash,1358.46,2029-06-24
9050314096,75510747,2029-06-25,Wallet,883.44,2029-06-25
9296105870,77614510,2029-06-26,Wallet,697.26,2029-06-26
4678456188,21701991,2029-06-27,Card,3601.48,2029-06-27
812386333,72605638,2029-06-28,UPI,1207.74,2029-06-28
8100314462,15345667,2029-06-29,Card,3322.54,2029-06-29
781509952,41878908,2029-06-30,Card,3133.36,2029-06-30
1918416669,99695529,2029-07-01,UPI,4309.86,2029-07-01
1152165724,90448312,2029-07-02,Wallet,1243.42,2029-07-02
9664390656,16420489,2029-07-03,UPI,3445.68,2029-07-03
2686950796,22081691,2029-07-04,Cash,3339.57,2029-07-04
7332801173,89472859,2029-07-05,Cash,2144.77,2029-07-05
3503438244,24745800,2029-07-06,Wallet,3086.21,2029-07-06
4044591373,65782437,2029-07-07,Cash,1042.86,2029-07-07
7817195618,40703374,2029-07-08,Card,2901.47,2029-07-08
8974710941,96109948,2029-07-09,Card,1827.41,2029-07-09
2811268404,98691989,2029-07-10,UPI,2599.65,2029-07-10
7251548462,8955057,2029-07-11,UPI,1796.47,2029-07-11
352037003,47955004,2029-07-12,Card,2839.76,2029-07-12
8510312737,89361574,2029-07-13,Wallet,2119.66,2029-07-13
3242700095,84468124,2029-07-14,Cash,1838.81,2029-07-14
5833898647,18256339,2029-07-15,Wallet,4095.44,2029-07-15
7212771842,80315623,2029-07-16,Cash,4306.01,2029-07-16
7799757050,19556566,2029-07-17,Cash,3377.8,2029-07-17
9593303695,22054087,2029-07-18,Cash,1291.17,2029-07-18
7709693536,59353207,2029-07-19,Card,1440.87,2029-07-19
5092922964,92123198,2029-07-20,UPI,2986.95,2029-07-20
8318806722,67696145,2029-07-21,UPI,4507.49,2029-07-21
4352870279,60620291,2029-07-22,UPI,2821.85,2029-07-22
6722040962,83412446,2029-07-23,Card,2739.45,2029-07-23
1690831615,20625627,2029-07-24,Cash,1465.71,2029-07-24
6475689021,16341776,2029-07-25,Cash,1036.38,2029-07-25
8361280131,28280172,2029-07-26,Wallet,2583.14,2029-07-26
2664549359,90586443,2029-07-27,Wallet,644.8,2029-07-27
9510912773,9274874,2029-07-28,UPI,310.69,2029-07-28
3654462337,35826539,2029-07-29,Card,3741.32,2029-07-29
2308652017,54877984,2029-07-30,Card,2378.27,2029-07-30
8300200841,58214883,2029-07-31,Card,1243.72,2029-07-31
5027243163,85072416,2029-08-01,Card,2522.68,2029-08-01
713290065,42227189,2029-08-02,UPI,3218.36,2029-08-02
2006434350,20956158,2029-08-03,Wallet,988.35,2029-08-03
6587221270,20496835,2029-08-04,Wallet,1596.47,2029-08-04
969705468,25447967,2029-08-05,UPI,1772.45,2029-08-05
4492000627,63262519,2029-08-06,UPI,962.81,2029-08-06
977290328,14428954,2029-08-07,Cash,4122.35,2029-08-07
8735245723,33331259,2029-08-08,Wallet,114.52,2029-08-08
6299539090,80796977,2029-08-09,Cash,3665.54,2029-08-09
2177211652,15808945,2029-08-10,UPI,160.07,2029-08-10
8972569491,72366758,2029-08-11,Cash,1678.35,2029-08-11
7658414712,54216497,2029-08-12,Wallet,2373.52,2029-08-12
2069355540,98540377,2029-08-13,Cash,1677.93,2029-08-13
4084790776,75674671,2029-08-14,UPI,2732.87,2029-08-14
8716008121,38613642,2029-08-15,Card,4747.65,2029-08-15
9781965606,8164639,2029-08-16,Cash,1216.28,2029-08-16
8380133046,40392019,2029-08-17,UPI,1587.58,2029-08-17
691827543,6637282,2029-08-18,UPI,889.75,2029-08-18
5750245858,41146001,2029-08-19,Cash,1009.47,2029-08-19
1578150657,32054313,2029-08-20,Wallet,2462.7,2029-08-20
9069556587,41811800,2029-08-21,Card,854.66,2029-08-21
8396347551,36737539,2029-08-22,Cash,3956.37,2029-08-22
6083487488,11143197,2029-08-23,Cash,2226.74,2029-08-23
3191281184,67538982,2029-08-24,Card,1663.96,2029-08-24
6397409024,12059049,2029-08-25,Cash,3874.95,2029-08-25
9021529086,12272282,2029-08-26,Card,2280.99,2029-08-26
8214544415,56780331,2029-08-27,Card,3542.65,2029-08-27
8569302709,7378768,2029-08-28,Card,309.62,2029-08-28
2219192870,41155125,2029-08-29,UPI,883.44,2029-08-29
8537081061,57956497,2029-08-30,Wallet,2333.58,2029-08-30
9284683425,30755306,2029-08-31,Card,2256.38,2029-08-31
9774193601,19523014,2029-09-01,Card,5245.35,2029-09-01
7496826261,21658322,2029-09-02,Wallet,2371.62,2029-09-02
1058749075,51592174,2029-09-03,Cash,1837.92,2029-09-03
7128038799,6724509,2029-09-04,Card,2041.18,2029-09-04
3596318350,59398136,2029-09-05,Cash,2579.76,2029-09-05
3187042843,8651281,2029-09-06,UPI,1373.43,2029-09-06
4673500573,59620534,2029-09-07,Cash,3831.31,2029-09-07
881900445,34567918,2029-09-08,Card,215.65,2029-09-08
9874112459,12799092,2029-09-09,Cash,80.25,2029-09-09
4531430634,32585389,2029-09-10,UPI,4039.16,2029-09-10
6715699166,76987910,2029-09-11,Cash,1919.23,2029-09-11
4171748538,63083547,2029-09-12,UPI,601.9,2029-09-12
4093115982,10508763,2029-09-13,UPI,2022.07,2029-09-13
2515279840,21573815,2029-09-14,Cash,2843.77,2029-09-14
4981424948,79628054,2029-09-15,UPI,738.74,2029-09-15
1911064507,40055711,2029-09-16,UPI,4031.66,2029-09-16
6438392384,29562072,2029-09-17,Card,999.78,2029-09-17
5859840400,5754255,2029-09-18,UPI,647.86,2029-09-18
7640576778,83236183,2029-09-19,Card,5011.05,2029-09-19
5453475937,1719710,2029-09-20,Cash,3217.91,2029-09-20
653610300,78394303,2029-09-21,Wallet,1829.29,2029-09-21
730299055,16400639,2029-09-22,Wallet,2760.39,2029-09-22
8396250231,46088132,2029-09-23,Wallet,242.57,2029-09-23
8556969682,48228547,2029-09-24,UPI,2606.53,2029-09-24
7159670875,37691544,2029-09-25,Card,1405.86,2029-09-25
4922278509,76533277,2029-09-26,Wallet,2552.45,2029-09-26
8151274002,91550885,2029-09-27,Cash,2737.59,2029-09-27
5373978100,82179338,2029-09-28,Wallet,2675.69,2029-09-28
6210207010,1601161,2029-09-29,UPI,1553.52,2029-09-29
1837403174,84993732,2029-09-30,Card,849.48,2029-09-30
1148265823,21809858,2029-10-01,UPI,1198.97,2029-10-01
8472487149,74761384,2029-10-02,Cash,1484.96,2029-10-02
9111535172,9274874,2029-10-03,Wallet,354.52,2029-10-03
6558001978,88520326,2029-10-04,Cash,1177.64,2029-10-04
2762095386,84066402,2029-10-05,UPI,786.85,2029-10-05
2406325099,31718565,2029-10-06,Card,1623.98,2029-10-06
4274182127,22020776,2029-10-07,Wallet,4992.15,2029-10-07
7271609994,11616535,2029-10-08,UPI,3007.32,2029-10-08
9182539734,66359719,2029-10-09,Cash,1557.06,2029-10-09
7891517071,78412820,2029-10-10,Cash,2474.5,2029-10-10
3666182849,63793401,2029-10-11,UPI,856.05,2029-10-11
8724590445,10729474,2029-10-12,UPI,1934.86,2029-10-12
7919863938,4378755,2029-10-13,Card,1024.37,2029-10-13
3545539999,49449238,2029-10-14,Cash,3469.35,2029-10-14
7463392603,46684081,2029-10-15,UPI,1131.6,2029-10-15
7296733293,86715467,2029-10-16,Card,3845.82,2029-10-16
7118924734,66310963,2029-10-17,Card,3580.46,2029-10-17
2529809156,71905368,2029-10-18,UPI,2728.49,2029-10-18
2216699744,5540556,2029-10-19,Wallet,939.55,2029-10-19
8257221712,5277675,2029-10-20,Cash,140.8,2029-10-20
1357352531,9246851,2029-10-21,Card,4202.96,2029-10-21
2108138590,67918495,2029-10-22,UPI,1181.36,2029-10-22
5648212121,37633848,2029-10-23,Wallet,3820.42,2029-10-23
3951878528,28458746,2029-10-24,Card,372.99,2029-10-24
8310385249,97315135,2029-10-25,Cash,1439.56,2029-10-25
7513562596,88130777,2029-10-26,Cash,909.62,2029-10-26
6304586678,38496400,2029-10-27,UPI,1823.12,2029-10-27
5222812863,65294340,2029-10-28,UPI,1608.38,2029-10-28
5393039591,40419593,2029-10-29,UPI,225.21,2029-10-29
6708586922,91072336,2029-10-30,UPI,1435.7,2029-10-30
3177552965,99231937,2029-10-31,Wallet,3176.5,2029-10-31
607125614,55425478,2029-11-01,Cash,3303.42,2029-11-01
139417019,75566105,2029-11-02,UPI,561.59,2029-11-02
1893231742,51661209,2029-11-03,Cash,4078,2029-11-03
3580010065,95590889,2029-11-04,UPI,3658.91,2029-11-04
962319394,44723662,2029-11-05,Cash,1246.94,2029-11-05
8321726382,82918668,2029-11-06,UPI,1787.9,2029-11-06
1485682761,70363568,2029-11-07,Card,217.5,2029-11-07
5008756947,73661993,2029-11-08,UPI,504.2,2029-11-08
1334996274,11493380,2029-11-09,Wallet,1261.7,2029-11-09
2914506024,31940833,2029-11-10,UPI,2230.61,2029-11-10
8811831663,74682740,2029-11-11,Wallet,1254.05,2029-11-11
875427533,10686446,2029-11-12,Card,2505.6,2029-11-12
5865390748,30042971,2029-11-13,UPI,3835.46,2029-11-13
4054828941,99893898,2029-11-14,UPI,2497.98,2029-11-14
1257568604,9981089,2029-11-15,Cash,1937.41,2029-11-15
2738862626,56572297,2029-11-16,Wallet,2563.4,2029-11-16
7352532839,9738801,2029-11-17,Card,2184.8,2029-11-17
520221662,53025962,2029-11-18,Wallet,3252.54,2029-11-18
7818925535,45477575,2029-11-19,Wallet,2912.9,2029-11-19
3476023750,43990799,2029-11-20,Wallet,3505.44,2029-11-20
8945838922,13415362,2029-11-21,Cash,1609.53,2029-11-21
2233053313,15830066,2029-11-22,Cash,2419.41,2029-11-22
1844073851,38808614,2029-11-23,Card,3496.85,2029-11-23
8348125769,29584848,2029-11-24,UPI,3498.69,2029-11-24
8475818223,12832151,2029-11-25,Card,3876.19,2029-11-25
4270941188,47274329,2029-11-26,Wallet,1781.72,2029-11-26
2611200126,91448742,2029-11-27,Wallet,469.82,2029-11-27
8573833987,12988801,2029-11-28,UPI,4027.79,2029-11-28
2979246068,61763552,2029-11-29,Wallet,2722.28,2029-11-29
6779895105,64535602,2029-11-30,Cash,3231.88,2029-11-30
1731478314,67215939,2029-12-01,Card,4467.79,2029-12-01
3692405872,41878908,2029-12-02,Wallet,941.19,2029-12-02
8853713324,58505903,2029-12-03,Card,1163.18,2029-12-03
979766779,57081917,2029-12-04,Card,2428.41,2029-12-04
5709672475,16543242,2029-12-05,UPI,895.76,2029-12-05
3855709201,13651980,2029-12-06,UPI,1013.9,2029-12-06
6861065282,57523973,2029-12-07,UPI,310.69,2029-12-07
7919724613,81200164,2029-12-08,Cash,2379.82,2029-12-08
7882742057,32293017,2029-12-09,Card,612.04,2029-12-09
1929002406,67538982,2029-12-10,Cash,2088.54,2029-12-10
2458349464,99714944,2029-12-11,Wallet,888.12,2029-12-11
6608328221,76020843,2029-12-12,Cash,2880.22,2029-12-12
7736615348,84161531,2029-12-13,Wallet,2063.11,2029-12-13
2591738507,14705462,2029-12-14,Card,4675.99,2029-12-14
6751537971,98444183,2029-12-15,Card,307.23,2029-12-15
9768154003,88045094,2029-12-16,UPI,697.53,2029-12-16
5887288860,40587811,2029-12-17,Cash,3395.38,2029-12-17
3559865135,66310963,2029-12-18,Wallet,2680.81,2029-12-18
209044447,2058037,2029-12-19,Cash,1039.47,2029-12-19
9643668734,34835738,2029-12-20,Wallet,2292.32,2029-12-20
6115465612,12338529,2029-12-21,Wallet,3025.66,2029-12-21
8493723088,20238921,2029-12-22,Cash,2918.27,2029-12-22
6392024503,75640174,2029-12-23,Wallet,4108.93,2029-12-23
9863468109,73363613,2029-12-24,UPI,1394.71,2029-12-24
5448628635,21658322,2029-12-25,Wallet,545.35,2029-12-25
3329455953,31371112,2029-12-26,Card,2339.17,2029-12-26
3584190892,60974181,2029-12-27,UPI,160.07,2029-12-27
9097056321,16424635,2029-12-28,Card,2739.54,2029-12-28
525741957,88866835,2029-12-29,UPI,3048.43,2029-12-29
5387395051,37095171,2029-12-30,Cash,1188.35,2029-12-30
6799246060,6245778,2029-12-31,Wallet,764.18,2029-12-31
8986314607,11047835,2030-01-01,Cash,3422.97,2030-01-01
1085912198,93198324,2030-01-02,Cash,4058.84,2030-01-02
3423328091,18935489,2030-01-03,UPI,1013.23,2030-01-03
9848366909,34281470,2030-01-04,Card,3636.32,2030-01-04
936021770,79960955,2030-01-05,UPI,2272.86,2030-01-05
8916215165,49806393,2030-01-06,Wallet,3939.8,2030-01-06
389558867,8375298,2030-01-07,Cash,212.14,2030-01-07
7616883530,16410155,2030-01-08,Card,2182.8,2030-01-08
3851744248,61763552,2030-01-09,Wallet,3985.16,2030-01-09
4953665655,14428954,2030-01-10,Cash,1570.97,2030-01-10
962864152,24357425,2030-01-11,Card,1662.02,2030-01-11
923668833,47125914,2030-01-12,Card,1599.98,2030-01-12
4022122330,33871107,2030-01-13,UPI,4022.8,2030-01-13
4564846800,79764458,2030-01-14,UPI,2989.97,2030-01-14
690652905,75289676,2030-01-15,Cash,3539.79,2030-01-15
716741661,43052303,2030-01-16,UPI,3850.67,2030-01-16
6575532281,44149982,2030-01-17,Wallet,1220.66,2030-01-17
7486807731,71189232,2030-01-18,UPI,4142.77,2030-01-18
9721870982,79919160,2030-01-19,Cash,1339.43,2030-01-19
8105823343,16400639,2030-01-20,Card,3202.58,2030-01-20
7113554979,19180962,2030-01-21,Card,127.16,2030-01-21
507373134,95269737,2030-01-22,UPI,4731.51,2030-01-22
4674132573,98444183,2030-01-23,UPI,2350.69,2030-01-23
487395969,93924203,2030-01-24,Card,2619.2,2030-01-24
3962007460,93458307,2030-01-25,UPI,1119.19,2030-01-25
2272882287,25641500,2030-01-26,Card,3442.64,2030-01-26
4426246696,88923048,2030-01-27,Wallet,1763.53,2030-01-27
1714709914,86067293,2030-01-28,UPI,3458.06,2030-01-28
3159133564,81541985,2030-01-29,Cash,1824.8,2030-01-29
4531739740,98088303,2030-01-30,Card,1748.85,2030-01-30
3158981349,92038780,2030-01-31,UPI,524.67,2030-01-31
1789010378,81533356,2030-02-01,UPI,2506.08,2030-02-01
705203916,58929595,2030-02-02,Wallet,2686.57,2030-02-02
7255510932,62526813,2030-02-03,UPI,2241.22,2030-02-03
1991167685,37309023,2030-02-04,Card,123.74,2030-02-04
5103721089,5135207,2030-02-05,UPI,4045.22,2030-02-05
9674006557,60561655,2030-02-06,Cash,4406.9,2030-02-06
1073466441,42465414,2030-02-07,UPI,632.43,2030-02-07
5407006470,95364457,2030-02-08,Card,1748.85,2030-02-08
747347782,6398761,2030-02-09,Card,3048.42,2030-02-09
8554063149,5039883,2030-02-10,Cash,2713.89,2030-02-10
4855215470,21573815,2030-02-11,Wallet,3499.44,2030-02-11
5008998072,26245432,2030-02-12,Wallet,4861.34,2030-02-12
9696466906,40434527,2030-02-13,Wallet,2085.85,2030-02-13
7189534591,6291143,2030-02-14,Cash,3354.47,2030-02-14
9965941354,82286725,2030-02-15,Card,625.45,2030-02-15
1275232752,83304571,2030-02-16,UPI,422.23,2030-02-16
343479370,5043760,2030-02-17,Cash,1820.87,2030-02-17
2485933387,21573815,2030-02-18,UPI,1489.6,2030-02-18
6735843326,52085702,2030-02-19,UPI,3348.38,2030-02-19
6384313098,47295676,2030-02-20,Card,3180.96,2030-02-20
1022032613,59436131,2030-02-21,Card,2830.88,2030-02-21
8026892264,93341057,2030-02-22,Cash,3867.59,2030-02-22
7158825499,63571453,2030-02-23,Wallet,1275.88,2030-02-23
5327013494,89418072,2030-02-24,Wallet,968.65,2030-02-24
1002526452,97475543,2030-02-25,Cash,5001.82,2030-02-25
4650525854,71694275,2030-02-26,Cash,209.59,2030-02-26
6260291784,75038062,2030-02-27,Cash,359.98,2030-02-27
1884314278,15534747,2030-02-28,Card,847.01,2030-02-28
7074219396,36737539,2030-03-01,UPI,1474.63,2030-03-01
807183459,76212152,2030-03-02,Wallet,3111.71,2030-03-02
598539940,76970363,2030-03-03,Wallet,2753.61,2030-03-03
427702490,71607166,2030-03-04,Wallet,891.72,2030-03-04
955844536,4597433,2030-03-05,UPI,2719.11,2030-03-05
5397640599,2684440,2030-03-06,Card,720.95,2030-03-06
3451246886,36774480,2030-03-07,UPI,2937.69,2030-03-07
8487733248,12500465,2030-03-08,Wallet,778.9,2030-03-08
2921621434,41194825,2030-03-09,UPI,1380.46,2030-03-09
4757133884,34655710,2030-03-10,UPI,123.74,2030-03-10
1793847102,93563435,2030-03-11,Cash,1760.2,2030-03-11
6197760573,5763963,2030-03-12,Card,1233.03,2030-03-12
6818660907,38420886,2030-03-13,Card,1228.81,2030-03-13
7807587130,74174956,2030-03-14,Card,2515.16,2030-03-14
4540563647,79257353,2030-03-15,Card,582.87,2030-03-15
2480913332,95912198,2030-03-16,Cash,3394.38,2030-03-16
5735481292,85907588,2030-03-17,UPI,2015.59,2030-03-17
7112326373,46848302,2030-03-18,Cash,3624.08,2030-03-18
614274161,10240052,2030-03-19,Cash,264.89,2030-03-19
5512258335,1469696,2030-03-20,Cash,242.57,2030-03-20
1214757247,46675763,2030-03-21,Card,3474.87,2030-03-21
4211686231,66354642,2030-03-22,Cash,4088.63,2030-03-22
5288088590,9314637,2030-03-23,Wallet,2440.09,2030-03-23
1193525681,60399360,2030-03-24,Wallet,1845.59,2030-03-24
5132095929,96373206,2030-03-25,Card,4864.21,2030-03-25
7703144556,31328762,2030-03-26,Cash,5086.05,2030-03-26
6786199145,21701991,2030-03-27,Cash,965.78,2030-03-27
2463627380,24644542,2030-03-28,UPI,2378.62,2030-03-28
6331115638,99729547,2030-03-29,Cash,4180.33,2030-03-29
9212312136,6959437,2030-03-30,UPI,517.03,2030-03-30
6788500162,48033969,2030-03-31,Wallet,329.79,2030-03-31
2166421384,85218071,2030-04-01,Cash,1861.47,2030-04-01
2744509800,69276352,2030-04-02,Cash,98.32,2030-04-02
8806260669,15631726,2030-04-03,UPI,275.03,2030-04-03
7773287963,93563435,2030-04-04,Wallet,3262.86,2030-04-04
8153845667,30192942,2030-04-05,Wallet,4095.5,2030-04-05
8345887091,54145987,2030-04-06,Wallet,2193.68,2030-04-06
6638429050,75739462,2030-04-07,Cash,2413.79,2030-04-07
4132900691,42262168,2030-04-08,Card,2615.9,2030-04-08
2119346062,18259715,2030-04-09,Cash,217.4,2030-04-09
689310626,69416782,2030-04-10,Cash,1868.3,2030-04-10
9246993674,21701991,2030-04-11,Card,874.28,2030-04-11
2282234185,94706375,2030-04-12,Wallet,2600.22,2030-04-12
9697170386,48776805,2030-04-13,Wallet,2391.01,2030-04-13
6376147802,60495351,2030-04-14,Cash,197.39,2030-04-14
7415158732,30192942,2030-04-15,Card,3310.78,2030-04-15
343300311,37095171,2030-04-16,Wallet,2120.74,2030-04-16
3922539531,10048910,2030-04-17,UPI,1858.86,2030-04-17
7634516705,2058037,2030-04-18,UPI,2803.07,2030-04-18
8731122718,50572914,2030-04-19,Card,1980.68,2030-04-19
9471236505,5540556,2030-04-20,Cash,2872.87,2030-04-20
9497014025,79764458,2030-04-21,Wallet,1475.14,2030-04-21
592358946,54952806,2030-04-22,Card,2564.32,2030-04-22
9680783354,20517871,2030-04-23,Cash,4361.99,2030-04-23
6109792602,20148223,2030-04-24,UPI,2711.74,2030-04-24
2734817654,6184558,2030-04-25,Wallet,3676.83,2030-04-25
6380542008,76917159,2030-04-26,UPI,3087.38,2030-04-26
4784760589,97111069,2030-04-27,Wallet,1639.04,2030-04-27
1577703194,25641500,2030-04-28,Card,1072.62,2030-04-28
6758737749,70363568,2030-04-29,UPI,2635.52,2030-04-29
4081640450,97557157,2030-04-30,UPI,1137.59,2030-04-30
9258266990,76512976,2030-05-01,Wallet,503.05,2030-05-01
2109410707,19741509,2030-05-02,Wallet,5477.53,2030-05-02
576022547,31681710,2030-05-03,Card,4924.66,2030-05-03
2106943908,27604184,2030-05-04,Cash,1032.4,2030-05-04
6541281594,51812283,2030-05-05,Wallet,486.28,2030-05-05
2664220988,92091019,2030-05-06,Card,3117.45,2030-05-06
493514666,12141418,2030-05-07,Wallet,1421.52,2030-05-07
9658669384,29664214,2030-05-08,UPI,764.69,2030-05-08
8765283513,21461764,2030-05-09,Cash,1738.07,2030-05-09
6421427812,21948041,2030-05-10,UPI,4518.73,2030-05-10
4467093205,8025622,2030-05-11,UPI,1067.68,2030-05-11
7560862152,34755436,2030-05-12,UPI,1409.57,2030-05-12
8218080678,53538932,2030-05-13,Cash,4113.75,2030-05-13
8196173573,59110513,2030-05-14,Wallet,2030.37,2030-05-14
1174856327,10855630,2030-05-15,UPI,2279.72,2030-05-15
9754365788,17805991,2030-05-16,Cash,532.57,2030-05-16
8398774908,90448312,2030-05-17,Wallet,186.08,2030-05-17
626433439,41640262,2030-05-18,UPI,4972.56,2030-05-18
3097299525,80862136,2030-05-19,Wallet,530.85,2030-05-19
5367488413,18113428,2030-05-20,UPI,3863.99,2030-05-20
3700795655,47515046,2030-05-21,Card,704.1,2030-05-21
3161904185,82374625,2030-05-22,Wallet,1241.11,2030-05-22
8149944548,16436359,2030-05-23,Cash,3094.56,2030-05-23
4961830447,3408982,2030-05-24,UPI,2369.49,2030-05-24
613578154,53974737,2030-05-25,Cash,3210.52,2030-05-25
2582466700,65368179,2030-05-26,Wallet,976.55,2030-05-26
3840910839,77869660,2030-05-27,Wallet,1732.44,2030-05-27
399559401,84456355,2030-05-28,UPI,3474.58,2030-05-28
4037817241,48716374,2030-05-29,Wallet,1385.27,2030-05-29
582598096,75213636,2030-05-30,UPI,1296.1,2030-05-30
9218060399,80286283,2030-05-31,Card,4320.63,2030-05-31
6650174202,14255231,2030-06-01,UPI,5263.87,2030-06-01
2715902884,67711384,2030-06-02,UPI,4064.39,2030-06-02
7957986242,69761993,2030-06-03,Card,2007.76,2030-06-03
7148568995,30447453,2030-06-04,UPI,1296.49,2030-06-04
670358911,20834589,2030-06-05,Card,4368.88,2030-06-05
6098277214,46876240,2030-06-06,Wallet,3510.24,2030-06-06
4621664126,5386246,2030-06-07,Wallet,2834.89,2030-06-07
6336460663,95018817,2030-06-08,UPI,2094.1,2030-06-08
909027635,77214094,2030-06-09,Cash,2667.33,2030-06-09
2854202683,23081177,2030-06-10,Card,5105.99,2030-06-10
7936387697,36998375,2030-06-11,Card,3584.24,2030-06-11
8337736091,66768157,2030-06-12,Cash,3301.22,2030-06-12
4404350734,57892837,2030-06-13,Card,1946.25,2030-06-13
6565246127,12455156,2030-06-14,UPI,821.95,2030-06-14
3494650073,49806393,2030-06-15,Card,959.08,2030-06-15
1920923798,71189232,2030-06-16,UPI,887.48,2030-06-16
5069524975,90246977,2030-06-17,Cash,517.77,2030-06-17
3873368520,53392567,2030-06-18,UPI,3741.7,2030-06-18
3111414152,56195475,2030-06-19,Card,2560.91,2030-06-19
7104489974,47618810,2030-06-20,Cash,3690.39,2030-06-20
3211566084,45383958,2030-06-21,Card,1460.67,2030-06-21
2416717644,11493300,2030-06-22,Wallet,4066.1,2030-06-22
4535670244,22210238,2030-06-23,Wallet,2266.44,2030-06-23
7309958460,3282647,2030-06-24,Wallet,418.48,2030-06-24
9996182478,39976965,2030-06-25,UPI,340.36,2030-06-25
2231942521,15931134,2030-06-26,Wallet,2575.76,2030-06-26
554028972,3421258,2030-06-27,Wallet,1183.85,2030-06-27
8756001290,85340038,2030-06-28,UPI,2600.2,2030-06-28
8047899303,11254582,2030-06-29,UPI,1028.26,2030-06-29
9720683332,87641623,2030-06-30,Card,1692.04,2030-06-30
218670241,70220141,2030-07-01,UPI,497.09,2030-07-01
1382880255,94078407,2030-07-02,Card,2410.88,2030-07-02
332975964,99824171,2030-07-03,Cash,2545.55,2030-07-03
2638683222,2457734,2030-07-04,Card,887.48,2030-07-04
9150146711,54923640,2030-07-05,Wallet,2357.91,2030-07-05
1553626879,6579892,2030-07-06,UPI,4260.55,2030-07-06
9271384187,67749649,2030-07-07,Card,3778.41,2030-07-07
1409544327,86444757,2030-07-08,Wallet,1892.02,2030-07-08
637100019,62868582,2030-07-09,Wallet,2537.11,2030-07-09
186083059,67829645,2030-07-10,Wallet,1855.64,2030-07-10
1804073530,10048910,2030-07-11,UPI,2824.36,2030-07-11
5291430311,75081265,2030-07-12,Cash,1993.93,2030-07-12
6947225582,89051578,2030-07-13,Cash,475.04,2030-07-13
5710643134,38420886,2030-07-14,Card,634.18,2030-07-14
8329733630,46717997,2030-07-15,Cash,1816.98,2030-07-15
6772651293,27049432,2030-07-16,UPI,1303.9,2030-07-16
581212790,21461764,2030-07-17,Wallet,3835.87,2030-07-17
4766571706,71176678,2030-07-18,Card,397.68,2030-07-18
9961298199,37926207,2030-07-19,Wallet,2762.95,2030-07-19
8102675591,51119088,2030-07-20,UPI,609.82,2030-07-20
604050223,29689766,2030-07-21,Card,918.58,2030-07-21
782327552,45586151,2030-07-22,Cash,2751.67,2030-07-22
6156638188,70589930,2030-07-23,Card,2569.47,2030-07-23
6475299855,5238055,2030-07-24,Cash,3096.82,2030-07-24
689110145,84161531,2030-07-25,UPI,1235.24,2030-07-25
2785467351,59009727,2030-07-26,Wallet,2848.42,2030-07-26
7188270379,86487478,2030-07-27,UPI,5245.33,2030-07-27
9209192342,42227189,2030-07-28,UPI,679.28,2030-07-28
3193016310,58115779,2030-07-29,Cash,803.12,2030-07-29
9743228131,34839913,2030-07-30,UPI,4156.96,2030-07-30
4417542973,84937877,2030-07-31,Card,2434.22,2030-07-31
3065857200,82359623,2030-08-01,Cash,4340.64,2030-08-01
6994732191,35278126,2030-08-02,Card,4027.04,2030-08-02
7663189769,85006599,2030-08-03,Card,368.54,2030-08-03
5012619147,66130660,2030-08-04,Card,1861.22,2030-08-04
7456088789,36737539,2030-08-05,Wallet,3073.92,2030-08-05
3270559373,13604883,2030-08-06,Cash,2266.96,2030-08-06
4703798183,21597477,2030-08-07,Cash,3135.96,2030-08-07
3968840556,93723634,2030-08-08,UPI,3002.12,2030-08-08
2331647373,84848018,2030-08-09,Cash,1263.26,2030-08-09
6683347454,34697768,2030-08-10,Wallet,3293.03,2030-08-10
5710259220,17287733,2030-08-11,Wallet,3128.46,2030-08-11
9871546057,39418109,2030-08-12,UPI,976.19,2030-08-12
5459704311,47295676,2030-08-13,UPI,1092.66,2030-08-13
3426702134,50229203,2030-08-14,Card,217.4,2030-08-14
7671357353,16420489,2030-08-15,Wallet,1968.97,2030-08-15
9656230693,40305293,2030-08-16,Cash,936.98,2030-08-16
3315369956,9105829,2030-08-17,Card,3947.39,2030-08-17
1762287720,94404245,2030-08-18,Card,1498.34,2030-08-18
4816206081,36142455,2030-08-19,Card,1239.96,2030-08-19
2808133351,11071601,2030-08-20,Cash,2922.68,2030-08-20
3444569396,57967753,2030-08-21,UPI,2526.45,2030-08-21
9704671447,25977417,2030-08-22,Cash,3530.03,2030-08-22
6454001692,2136830,2030-08-23,UPI,4369.13,2030-08-23
2624508626,63262519,2030-08-24,Wallet,326.56,2030-08-24
932273820,17287733,2030-08-25,Cash,1912.65,2030-08-25
7908614088,12622901,2030-08-26,Card,6721.46,2030-08-26
9730765358,82708090,2030-08-27,UPI,1354.27,2030-08-27
4748284156,38969732,2030-08-28,Card,3484.22,2030-08-28
1829286278,45052594,2030-08-29,Card,2529.56,2030-08-29
3180415318,22076522,2030-08-30,Card,1790.18,2030-08-30
1008158736,62971413,2030-08-31,Card,814.33,2030-08-31
5092816701,89531595,2030-09-01,Cash,2717.67,2030-09-01
4339850858,16230299,2030-09-02,UPI,626.19,2030-09-02
1564040362,93924203,2030-09-03,UPI,4091.56,2030-09-03
4856827800,43784632,2030-09-04,Card,1785.77,2030-09-04
2465711187,48511124,2030-09-05,Wallet,2295.91,2030-09-05
7741314063,32054313,2030-09-06,UPI,2559.45,2030-09-06
6973696848,21779155,2030-09-07,UPI,2455.38,2030-09-07
443178123,56248757,2030-09-08,UPI,464.47,2030-09-08
2155491764,77869660,2030-09-09,Card,1496.14,2030-09-09
282887897,97492493,2030-09-10,Wallet,3330.24,2030-09-10
1014190951,70798876,2030-09-11,Cash,1856.87,2030-09-11
4632027192,64162093,2030-09-12,Cash,2036.3,2030-09-12
9196809062,58979427,2030-09-13,Cash,3159.25,2030-09-13
3802671506,55028958,2030-09-14,Wallet,4557.7,2030-09-14
931138604,38133873,2030-09-15,UPI,1521.46,2030-09-15
6507222211,46623192,2030-09-16,Wallet,3387.81,2030-09-16
9091185978,4606533,2030-09-17,Wallet,938.72,2030-09-17
6314310505,42272393,2030-09-18,Wallet,785.67,2030-09-18
2711467206,21658322,2030-09-19,Cash,2764.55,2030-09-19
1359318731,72675976,2030-09-20,Wallet,831.43,2030-09-20
4521042050,99734256,2030-09-21,Wallet,2669.97,2030-09-21
1317016672,87256913,2030-09-22,Wallet,3869.92,2030-09-22
7624598493,69516494,2030-09-23,Wallet,2629.91,2030-09-23
1753431230,9048817,2030-09-24,Wallet,3944.12,2030-09-24
8650539199,41640262,2030-09-25,Card,1272.55,2030-09-25
3276478503,10048910,2030-09-26,Cash,2477.66,2030-09-26
5080943123,2164524,2030-09-27,Wallet,1496.54,2030-09-27
6158083683,78158536,2030-09-28,Cash,3096.42,2030-09-28
9228072842,93370787,2030-09-29,UPI,959.14,2030-09-29
4028432722,77397957,2030-09-30,Card,1937.88,2030-09-30
3679730192,83404008,2030-10-01,Cash,2775.88,2030-10-01
71793937,13189939,2030-10-02,Cash,2269.58,2030-10-02
47467466,55693909,2030-10-03,Wallet,102.44,2030-10-03
4538136436,18170800,2030-10-04,Card,2282.55,2030-10-04
8750169461,96989204,2030-10-05,UPI,4677.25,2030-10-05
9371021811,76850859,2030-10-06,Card,1217.12,2030-10-06
679274212,91243571,2030-10-07,Card,1922.55,2030-10-07
6601671674,49136375,2030-10-08,Cash,2353.53,2030-10-08
2708441500,23286884,2030-10-09,Card,2396.22,2030-10-09
9548480220,82594354,2030-10-10,Wallet,3568.09,2030-10-10
5440864021,44409533,2030-10-11,Card,1988.09,2030-10-11
5705224767,3897936,2030-10-12,Card,2322.96,2030-10-12
9945458771,8733344,2030-10-13,Cash,910.44,2030-10-13
336832815,10769994,2030-10-14,UPI,935.81,2030-10-14
9543126726,24308515,2030-10-15,Cash,2520.83,2030-10-15
5134666123,38613642,2030-10-16,UPI,887.15,2030-10-16
5663657880,69632084,2030-10-17,UPI,2630.49,2030-10-17
5352647396,49756591,2030-10-18,Cash,1833.25,2030-10-18
7995172779,40703374,2030-10-19,Cash,438.47,2030-10-19
605779703,8881320,2030-10-20,UPI,1354.81,2030-10-20
685688121,60371334,2030-10-21,Wallet,2302.74,2030-10-21
5966726971,57833505,2030-10-22,Wallet,2597.42,2030-10-22
6763510083,4055790,2030-10-23,Cash,3215.35,2030-10-23
6735813139,90448312,2030-10-24,Cash,951.27,2030-10-24
8361205778,47274329,2030-10-25,Wallet,2288.64,2030-10-25
3640952655,50105174,2030-10-26,Cash,1325.12,2030-10-26
6395279829,34588087,2030-10-27,Cash,3312.98,2030-10-27
339410846,61618079,2030-10-28,Card,967.74,2030-10-28
8924056486,74172010,2030-10-29,UPI,2577.32,2030-10-29
6616322616,61763552,2030-10-30,Wallet,1998.9,2030-10-30
4178578583,69340015,2030-10-31,UPI,858.84,2030-10-31
7558107764,50968312,2030-11-01,Cash,3414.46,2030-11-01
7894708851,78678612,2030-11-02,Wallet,481.63,2030-11-02
1916638346,20163931,2030-11-03,Cash,223.49,2030-11-03
4973943462,68341636,2030-11-04,Card,1903.83,2030-11-04
6567129123,66135710,2030-11-05,Cash,3012.34,2030-11-05
8702642032,23676689,2030-11-06,Card,1137.72,2030-11-06
7857954356,76864442,2030-11-07,Wallet,2866.57,2030-11-07
5376218500,24644542,2030-11-08,Card,888.16,2030-11-08
3452449295,71252391,2030-11-09,UPI,1395.83,2030-11-09
1694826296,12277039,2030-11-10,Card,2463.99,2030-11-10
9449954611,97111119,2030-11-11,Cash,50.12,2030-11-11
7722059222,63630649,2030-11-12,Cash,4544.95,2030-11-12
2871448124,81091233,2030-11-13,Cash,1538.55,2030-11-13
4158839033,38969732,2030-11-14,Cash,1618.32,2030-11-14
9936118648,54885705,2030-11-15,Wallet,71.84,2030-11-15
6804747901,89619421,2030-11-16,Wallet,2389.91,2030-11-16
7579444448,53354003,2030-11-17,Wallet,491.39,2030-11-17
4379043082,88167544,2030-11-18,Cash,831.1,2030-11-18
4212894712,20310720,2030-11-19,Cash,1512.77,2030-11-19
7962511808,60371334,2030-11-20,UPI,2861.63,2030-11-20
6478815087,22293666,2030-11-21,Cash,2516.92,2030-11-21
6239166986,6724509,2030-11-22,Cash,578.85,2030-11-22
9894863460,35826539,2030-11-23,Wallet,3219.23,2030-11-23
2982638677,48554440,2030-11-24,Wallet,3688.89,2030-11-24
3284797515,13164195,2030-11-25,UPI,3000.61,2030-11-25
8895501673,15066187,2030-11-26,Wallet,3624.66,2030-11-26
914992221,90882023,2030-11-27,Cash,517.77,2030-11-27
2067729457,79916464,2030-11-28,Cash,1286.82,2030-11-28
5389250154,94179692,2030-11-29,UPI,2638.02,2030-11-29
4352973016,35912599,2030-11-30,Cash,822.63,2030-11-30
7667555396,13796199,2030-12-01,Wallet,5488.33,2030-12-01
168804744,25128143,2030-12-02,Card,3450.59,2030-12-02
854218304,84377964,2030-12-03,Cash,1897.86,2030-12-03
2616618240,12402437,2030-12-04,Wallet,3909.27,2030-12-04
8891144024,47590944,2030-12-05,Cash,1286.76,2030-12-05
4606856320,57102800,2030-12-06,Wallet,726.41,2030-12-06
1876194333,51945420,2030-12-07,Cash,1630.26,2030-12-07
1471186096,51503088,2030-12-08,UPI,2890.99,2030-12-08
4763556417,91602727,2030-12-09,UPI,968.94,2030-12-09
5961097387,75474920,2030-12-10,Wallet,2425.77,2030-12-10
1509646137,31456752,2030-12-11,Card,4104.67,2030-12-11
7533431274,23984022,2030-12-12,UPI,1728.15,2030-12-12
3598818329,22293666,2030-12-13,UPI,2790.82,2030-12-13
2561337790,30823988,2030-12-14,Cash,1213.78,2030-12-14
2359692348,5418547,2030-12-15,Card,1914.18,2030-12-15
3146098826,12799092,2030-12-16,UPI,3453.75,2030-12-16
8638050442,52770036,2030-12-17,Card,130.18,2030-12-17
1833854180,60062501,2030-12-18,Cash,4585.63,2030-12-18
5687148136,32527479,2030-12-19,Cash,1438.64,2030-12-19
7133253616,14940427,2030-12-20,Wallet,4564.38,2030-12-20
7899569162,90745023,2030-12-21,UPI,1702.84,2030-12-21
6119637917,77961205,2030-12-22,UPI,1146.21,2030-12-22
4924477011,7333934,2030-12-23,Cash,3957.29,2030-12-23
577458306,94165062,2030-12-24,Wallet,2931.44,2030-12-24
1605287230,7076456,2030-12-25,UPI,3945.48,2030-12-25
5743074720,44828791,2030-12-26,UPI,40.7,2030-12-26
1645477578,47625855,2030-12-27,Cash,1617.86,2030-12-27
6231311270,91144803,2030-12-28,UPI,2173.29,2030-12-28
4629648516,93507573,2030-12-29,Wallet,39.65,2030-12-29
2706229594,81337068,2030-12-30,Cash,3260.52,2030-12-30
6814009039,10605484,2030-12-31,Card,1344.57,2030-12-31
5604135912,11478478,2031-01-01,Cash,4032.27,2031-01-01
766789724,60446619,2031-01-02,Cash,2837.18,2031-01-02
2727595593,80875034,2031-01-03,UPI,3069.89,2031-01-03
9887978407,43256928,2031-01-04,Wallet,5037.57,2031-01-04
6825742544,29689766,2031-01-05,Wallet,901.77,2031-01-05
7081192087,15529446,2031-01-06,Card,261.03,2031-01-06
3185620074,57526322,2031-01-07,Wallet,816.38,2031-01-07
7162086351,74231111,2031-01-08,Cash,270.71,2031-01-08
5504768409,84850688,2031-01-09,Card,2102.5,2031-01-09
6721093047,22054087,2031-01-10,Wallet,2875.06,2031-01-10
1134990529,63971358,2031-01-11,Cash,2294.08,2031-01-11
4632975114,92409489,2031-01-12,Card,508,2031-01-12
1471897083,78439088,2031-01-13,Wallet,1831.85,2031-01-13
6081974624,79764458,2031-01-14,Card,1275.19,2031-01-14
806680874,14632090,2031-01-15,Card,5405.1,2031-01-15
8213018419,16640907,2031-01-16,Wallet,1078.17,2031-01-16
4610876894,59485034,2031-01-17,Wallet,4185.1,2031-01-17
9116180240,17696094,2031-01-18,Card,994.56,2031-01-18
8916648395,8138417,2031-01-19,UPI,2209.24,2031-01-19
3626990751,81940369,2031-01-20,Card,3325.83,2031-01-20
2544173358,43295656,2031-01-21,UPI,3448.92,2031-01-21
3654075570,81906973,2031-01-22,Card,2328.2,2031-01-22
9846277624,78732957,2031-01-23,Card,3983.77,2031-01-23
8600159148,64748953,2031-01-24,Wallet,3157.47,2031-01-24
9184012674,54139038,2031-01-25,Wallet,2492.95,2031-01-25
5842678913,6756256,2031-01-26,Wallet,3908.76,2031-01-26
6284066457,68341636,2031-01-27,Card,3535.59,2031-01-27
957188879,88067569,2031-01-28,UPI,5268.85,2031-01-28
2027766693,91024604,2031-01-29,Card,212.61,2031-01-29
5201172375,18199057,2031-01-30,Wallet,1394.24,2031-01-30
5211206337,84824280,2031-01-31,Wallet,900.93,2031-01-31
519985157,35455991,2031-02-01,Card,2029.48,2031-02-01
2599819074,66310963,2031-02-02,Card,2668.26,2031-02-02
6564176767,28221067,2031-02-03,Cash,338.14,2031-02-03
5969684091,13604883,2031-02-04,Cash,2571.47,2031-02-04
8152246475,46989310,2031-02-05,UPI,1388.41,2031-02-05
1954493018,41612464,2031-02-06,Wallet,1380.66,2031-02-06
3695589383,91868185,2031-02-07,UPI,1372.1,2031-02-07
6340807810,57537308,2031-02-08,Cash,2726.23,2031-02-08
8029845822,90621147,2031-02-09,Card,650.2,2031-02-09
8208755570,46564935,2031-02-10,Wallet,3751.55,2031-02-10
9622488249,96629258,2031-02-11,Card,1198.32,2031-02-11
5410788959,40055711,2031-02-12,Wallet,4301.42,2031-02-12
7087374685,48268435,2031-02-13,Cash,799.92,2031-02-13
1469556300,65514005,2031-02-14,Card,1070.56,2031-02-14
864290652,57392064,2031-02-15,Wallet,1797.36,2031-02-15
3052167498,92636025,2031-02-16,UPI,671.55,2031-02-16
8370088792,9107360,2031-02-17,Wallet,1475.02,2031-02-17
8955500595,58415368,2031-02-18,Cash,2564.44,2031-02-18
6946637946,70372270,2031-02-19,Cash,1456.54,2031-02-19
5461546808,21948041,2031-02-20,Card,3877.99,2031-02-20
9921425481,29653387,2031-02-21,Card,5288.24,2031-02-21
3583323379,10418604,2031-02-22,Cash,2297.51,2031-02-22
3427534518,73807097,2031-02-23,Wallet,724.84,2031-02-23
9997994965,13796199,2031-02-24,Card,2780.28,2031-02-24
5015358514,4057678,2031-02-25,Wallet,727.95,2031-02-25
5769065545,1108176,2031-02-26,Card,2822.13,2031-02-26
4062815570,98152679,2031-02-27,Wallet,790.64,2031-02-27
39405769,24621386,2031-02-28,Card,941.25,2031-02-28
9553518696,83304462,2031-03-01,UPI,1586.15,2031-03-01
8023712979,83701325,2031-03-02,Wallet,547.92,2031-03-02
1111747100,83236183,2031-03-03,UPI,2496.85,2031-03-03
3598180305,75836905,2031-03-04,Wallet,1266.29,2031-03-04
8171660349,79628054,2031-03-05,Wallet,776.24,2031-03-05
3644704128,39717448,2031-03-06,Wallet,2294.34,2031-03-06
1254907139,94854830,2031-03-07,Card,5351.42,2031-03-07
9810593187,46313756,2031-03-08,Cash,215.65,2031-03-08
3205629870,95001589,2031-03-09,UPI,1943.47,2031-03-09
8608459871,14472401,2031-03-10,Card,1327.4,2031-03-10
2730458449,13383642,2031-03-11,Cash,633.25,2031-03-11
2807397566,28663279,2031-03-12,Cash,1361.06,2031-03-12
7217535512,81541985,2031-03-13,Cash,3067.96,2031-03-13
3321951407,40305293,2031-03-14,Cash,2431.72,2031-03-14
7189146676,10789681,2031-03-15,UPI,825.46,2031-03-15
5601251774,96629258,2031-03-16,Card,5452.58,2031-03-16
8884350133,55425478,2031-03-17,Card,2062.98,2031-03-17
8168306307,98152679,2031-03-18,Cash,2114.74,2031-03-18
7689275881,54580166,2031-03-19,Card,3865.87,2031-03-19
6593510732,87266831,2031-03-20,Wallet,483.24,2031-03-20
3066405445,53354003,2031-03-21,Wallet,1378.13,2031-03-21
5319633841,95364457,2031-03-22,Cash,325.08,2031-03-22
1113665104,83034412,2031-03-23,Card,48.55,2031-03-23
8436983782,98896871,2031-03-24,Cash,1182.33,2031-03-24
1958942711,30643619,2031-03-25,Cash,2110.06,2031-03-25
6485627928,59769142,2031-03-26,Wallet,2340.3,2031-03-26
8147959428,31000129,2031-03-27,Wallet,2209.3,2031-03-27
3697060283,57642258,2031-03-28,UPI,786.85,2031-03-28
2039437258,20298398,2031-03-29,Card,958.05,2031-03-29
7655293952,23348269,2031-03-30,UPI,1666.47,2031-03-30
39791095,625395,2031-03-31,Card,480.85,2031-03-31
8071046067,33651554,2031-04-01,Card,3899.51,2031-04-01
2656326203,92356639,2031-04-02,Wallet,4655.33,2031-04-02
2366866840,99772709,2031-04-03,Wallet,3037.23,2031-04-03
8227348656,25977417,2031-04-04,UPI,3738.11,2031-04-04
3917024194,53640286,2031-04-05,Card,123.74,2031-04-05
3101265,89617089,2031-04-06,UPI,3567.73,2031-04-06
9907835880,67340606,2031-04-07,Card,3163.07,2031-04-07
3396210655,52075070,2031-04-08,UPI,3220.8,2031-04-08
3000018472,24104630,2031-04-09,Card,995.98,2031-04-09
7166339556,6319646,2031-04-10,Cash,1441.75,2031-04-10
2194351161,22800586,2031-04-11,Cash,1104.78,2031-04-11
3224986973,66761643,2031-04-12,Wallet,3040.52,2031-04-12
6882280967,14472401,2031-04-13,Card,532.57,2031-04-13
8556188247,46623192,2031-04-14,Card,618.09,2031-04-14
5236345617,61851054,2031-04-15,Cash,1760.51,2031-04-15
5153146875,31156674,2031-04-16,Wallet,2435.01,2031-04-16
2011151353,67908555,2031-04-17,UPI,2920.78,2031-04-17
9880145668,39317905,2031-04-18,UPI,183.76,2031-04-18
2724264210,98687927,2031-04-19,Wallet,1784.61,2031-04-19
871734663,93321933,2031-04-20,Wallet,4708.18,2031-04-20
3883638432,6245778,2031-04-21,UPI,1183.46,2031-04-21
1282422181,188838,2031-04-22,UPI,1116.88,2031-04-22
4500802008,41164215,2031-04-23,Cash,3437.39,2031-04-23
8209715885,17597449,2031-04-24,Card,3093.76,2031-04-24
9391482926,56352626,2031-04-25,Cash,1367.96,2031-04-25
7217765772,5238055,2031-04-26,Wallet,1673.94,2031-04-26
7848556658,97191387,2031-04-27,UPI,4917.07,2031-04-27
9000851345,81822494,2031-04-28,Cash,1403.83,2031-04-28
3019634875,58170168,2031-04-29,UPI,2475.72,2031-04-29
7013612817,22036818,2031-04-30,Cash,3498.93,2031-04-30
59461109,67708491,2031-05-01,UPI,2017.98,2031-05-01
740245864,45659330,2031-05-02,Card,3424.25,2031-05-02
8432648823,69364309,2031-05-03,Card,3956.33,2031-05-03
5863164527,38671747,2031-05-04,Wallet,2786.32,2031-05-04
8615999186,96001315,2031-05-05,Cash,2559.47,2031-05-05
1743268828,53332493,2031-05-06,Wallet,332.84,2031-05-06
5475369740,49433260,2031-05-07,Wallet,838.01,2031-05-07
6520584496,67215939,2031-05-08,Card,5289.56,2031-05-08
3854394048,89531595,2031-05-09,Wallet,2081.91,2031-05-09
4105779656,58644651,2031-05-10,Card,1232.77,2031-05-10
5960266785,97419742,2031-05-11,Wallet,3443.16,2031-05-11
7380998329,96989204,2031-05-12,Wallet,2068.22,2031-05-12
460625201,26716400,2031-05-13,UPI,3070.55,2031-05-13
5442705208,38420886,2031-05-14,Cash,1639.8,2031-05-14
643302284,24153726,2031-05-15,UPI,2883.95,2031-05-15
6141016209,20469626,2031-05-16,Cash,2161.37,2031-05-16
4058658914,96001315,2031-05-17,Cash,2294.77,2031-05-17
4731454539,62419778,2031-05-18,Card,1777.65,2031-05-18
148408710,60565603,2031-05-19,Wallet,423.56,2031-05-19
3263142674,12455156,2031-05-20,Card,229.38,2031-05-20
9591201821,38478423,2031-05-21,Card,1072.81,2031-05-21
2227944524,93938425,2031-05-22,Card,1805.43,2031-05-22
2307375554,95768401,2031-05-23,UPI,1267.61,2031-05-23
8521887524,5961261,2031-05-24,Wallet,2256.06,2031-05-24
3298709387,22321208,2031-05-25,Card,3170.94,2031-05-25
8608686211,29689766,2031-05-26,Cash,1083.76,2031-05-26
5125482761,89531595,2031-05-27,UPI,2442.59,2031-05-27
7388146343,78806824,2031-05-28,Wallet,2748.69,2031-05-28
7064723322,19259955,2031-05-29,Cash,2618.64,2031-05-29
1766291529,74682740,2031-05-30,UPI,4787.26,2031-05-30
8183491568,85074810,2031-05-31,UPI,280.35,2031-05-31
6419111681,19216141,2031-06-01,Wallet,965.3,2031-06-01
9193945481,28277304,2031-06-02,Card,1350.28,2031-06-02
3937750618,46504355,2031-06-03,Cash,2894.09,2031-06-03
2056682923,18940384,2031-06-04,Cash,2549.18,2031-06-04
7229998672,41194825,2031-06-05,Card,2884.57,2031-06-05
7028582657,36578947,2031-06-06,Wallet,820.99,2031-06-06
1732091066,93018527,2031-06-07,Wallet,217.5,2031-06-07
9389363975,35302195,2031-06-08,Card,1719.21,2031-06-08
9477050930,1449273,2031-06-09,Card,1904.93,2031-06-09
6808771388,88739922,2031-06-10,Wallet,2555.89,2031-06-10
7616458551,86294036,2031-06-11,Card,1534.27,2031-06-11
2784959025,59207798,2031-06-12,Card,4477.39,2031-06-12
2716611235,85626346,2031-06-13,UPI,2442.24,2031-06-13
3797871396,5712468,2031-06-14,UPI,2792.89,2031-06-14
5895445193,39093069,2031-06-15,Wallet,1401.58,2031-06-15
5281640953,65396354,2031-06-16,Wallet,166.42,2031-06-16
9006387145,61226563,2031-06-17,UPI,4408.49,2031-06-17
2015702046,46828932,2031-06-18,UPI,1517,2031-06-18
9260334793,15487049,2031-06-19,Wallet,2371.67,2031-06-19
5912752928,29562254,2031-06-20,Wallet,2865.64,2031-06-20
7691723645,93675757,2031-06-21,Cash,2681.87,2031-06-21
9166904790,57674875,2031-06-22,Wallet,2523.87,2031-06-22
1668797251,27698051,2031-06-23,Card,1926.44,2031-06-23
3350348511,2442235,2031-06-24,Cash,816.38,2031-06-24
2475154947,13760839,2031-06-25,Cash,2982.06,2031-06-25
1348544692,72489544,2031-06-26,Cash,2488.09,2031-06-26
6770208707,8241122,2031-06-27,Cash,3610.34,2031-06-27
9500356395,99729547,2031-06-28,Wallet,729.04,2031-06-28
6280233997,1507408,2031-06-29,Card,898.19,2031-06-29
935645101,63368244,2031-06-30,UPI,2584.5,2031-06-30
3492077995,97466783,2031-07-01,Wallet,2128.53,2031-07-01
6971044672,68985290,2031-07-02,Cash,2352.04,2031-07-02
9417710958,75892474,2031-07-03,Wallet,1297.95,2031-07-03
114851727,46875863,2031-07-04,Wallet,1944.29,2031-07-04
7521503340,65660660,2031-07-05,Wallet,1596.34,2031-07-05
7709878408,90745023,2031-07-06,Cash,1449.45,2031-07-06
7941755463,19705695,2031-07-07,Wallet,556.76,2031-07-07
4540271027,23126356,2031-07-08,Cash,2499.3,2031-07-08
8022168472,70230254,2031-07-09,Cash,2966.15,2031-07-09
3808358945,78014505,2031-07-10,Wallet,2926.42,2031-07-10
5112444865,45868300,2031-07-11,Card,4296.62,2031-07-11
9965551056,33658749,2031-07-12,UPI,947.95,2031-07-12
7695708103,51119088,2031-07-13,Cash,1864.07,2031-07-13
7022728237,21677923,2031-07-14,Card,2066.42,2031-07-14
2062715135,13197985,2031-07-15,Card,1107.38,2031-07-15
3287815959,73061709,2031-07-16,UPI,2999.16,2031-07-16
9015471552,23081177,2031-07-17,UPI,1434.89,2031-07-17
1595123446,30188374,2031-07-18,Cash,864.3,2031-07-18
4888577440,35237846,2031-07-19,Card,2010.17,2031-07-19
9039053330,82425179,2031-07-20,UPI,2077.55,2031-07-20
3091360904,59252433,2031-07-21,UPI,1758.62,2031-07-21
6821938492,90346920,2031-07-22,UPI,2645.3,2031-07-22
4553785640,94486311,2031-07-23,UPI,2646.91,2031-07-23
4005611015,5763963,2031-07-24,UPI,1543.49,2031-07-24
8480910658,73799927,2031-07-25,Card,728.73,2031-07-25
1922667245,66252737,2031-07-26,UPI,2382.03,2031-07-26
379758677,54139038,2031-07-27,Card,1514.31,2031-07-27
4903380842,71229024,2031-07-28,Card,2029.84,2031-07-28
9244122658,1588560,2031-07-29,UPI,4095.18,2031-07-29
5054410467,49147776,2031-07-30,UPI,1031.51,2031-07-30
9877212995,30065862,2031-07-31,Card,1394.21,2031-07-31
8375236356,22974816,2031-08-01,Card,3194.98,2031-08-01
2652063230,24144240,2031-08-02,Card,154.78,2031-08-02
7258243894,72797175,2031-08-03,Card,1073.16,2031-08-03
5980648426,23982977,2031-08-04,UPI,995.87,2031-08-04
365104159,19581959,2031-08-05,Card,1770.48,2031-08-05
7038005775,49617531,2031-08-06,Cash,4684.11,2031-08-06
1456792223,80875034,2031-08-07,UPI,154.53,2031-08-07
6673964264,34526442,2031-08-08,Wallet,4073.52,2031-08-08
5780280518,74230420,2031-08-09,Card,4501.34,2031-08-09
6220137166,16485871,2031-08-10,Cash,1135.56,2031-08-10
2615887425,18465047,2031-08-11,Cash,1311.74,2031-08-11
5610987488,85626346,2031-08-12,Card,1825.29,2031-08-12
6038240765,48002829,2031-08-13,Cash,1312.62,2031-08-13
5004974422,83660688,2031-08-14,Card,1589.73,2031-08-14
2349863203,20310720,2031-08-15,Cash,2752.02,2031-08-15
9487956261,62600289,2031-08-16,Cash,2858.7,2031-08-16
7169945062,32830199,2031-08-17,UPI,3552.63,2031-08-17
5393866026,13164195,2031-08-18,Cash,1608.96,2031-08-18
7266772806,79942821,2031-08-19,Card,1746.31,2031-08-19
2411227007,46875863,2031-08-20,Wallet,1406.39,2031-08-20
960728650,34526570,2031-08-21,UPI,426.72,2031-08-21
2326500581,24308515,2031-08-22,UPI,699.45,2031-08-22
9489310879,42989999,2031-08-23,UPI,1479.13,2031-08-23
2341242955,8228843,2031-08-24,UPI,3830.72,2031-08-24
1023485121,63310076,2031-08-25,Cash,2017.92,2031-08-25
9742218709,83412446,2031-08-26,Cash,2931.03,2031-08-26
9039933820,69219122,2031-08-27,Card,2739.91,2031-08-27
1391881327,50557979,2031-08-28,UPI,1331.1,2031-08-28
3360648053,2584499,2031-08-29,Wallet,1278.25,2031-08-29
9758418980,69219122,2031-08-30,Card,2212.5,2031-08-30
9859459525,67952740,2031-08-31,Card,1720.18,2031-08-31
6924226309,62526567,2031-09-01,Cash,163.03,2031-09-01
7672052920,20238921,2031-09-02,Wallet,651.93,2031-09-02
4597359399,57967753,2031-09-03,UPI,4536.47,2031-09-03
665402174,51557673,2031-09-04,Cash,4360.12,2031-09-04
3986082657,49152878,2031-09-05,Wallet,2960.99,2031-09-05
4275746826,44410149,2031-09-06,UPI,1872.54,2031-09-06
525864604,33651554,2031-09-07,Cash,5498.39,2031-09-07
4473658819,376144,2031-09-08,Cash,941.19,2031-09-08
8824559505,88553721,2031-09-09,UPI,2459.51,2031-09-09
1824646473,51670882,2031-09-10,Cash,3568.61,2031-09-10
776389097,10797688,2031-09-11,Cash,2232.88,2031-09-11
4908634706,88223261,2031-09-12,Wallet,3086.11,2031-09-12
3516204561,64562786,2031-09-13,Card,3338.89,2031-09-13
9510792757,625395,2031-09-14,Cash,1067.61,2031-09-14
3504903228,31776996,2031-09-15,Card,3239.13,2031-09-15
3438202422,43860025,2031-09-16,UPI,2921.39,2031-09-16
3007616042,77869660,2031-09-17,UPI,3455.69,2031-09-17
4656199468,13581527,2031-09-18,UPI,3086,2031-09-18
6994560237,96109948,2031-09-19,UPI,2730.52,2031-09-19
8442552565,12851610,2031-09-20,UPI,1850.58,2031-09-20
414299117,41008070,2031-09-21,Cash,2257.55,2031-09-21
8146956033,44888581,2031-09-22,Card,1465.27,2031-09-22
7919748594,75213636,2031-09-23,Wallet,1908.42,2031-09-23
7834171020,52915166,2031-09-24,Card,309.62,2031-09-24
3735968672,211163,2031-09-25,UPI,3555.45,2031-09-25
3864051985,31776996,2031-09-26,Cash,4519.31,2031-09-26
8299074079,59930550,2031-09-27,Cash,645.44,2031-09-27
891333736,96853930,2031-09-28,Wallet,2152.26,2031-09-28
2874220576,99734256,2031-09-29,Wallet,4341.21,2031-09-29
6375536946,94430842,2031-09-30,UPI,2163.71,2031-09-30
1966054573,31389750,2031-10-01,UPI,5121.92,2031-10-01
1565942558,40858753,2031-10-02,UPI,2536.81,2031-10-02
4624281313,11493380,2031-10-03,Card,3736.79,2031-10-03
6884010758,22210238,2031-10-04,Wallet,4982.72,2031-10-04
4351744653,9423628,2031-10-05,UPI,3342.15,2031-10-05
8698000932,43519553,2031-10-06,Card,1441,2031-10-06
3844380421,6344345,2031-10-07,Wallet,1515.54,2031-10-07
7105842598,99707100,2031-10-08,UPI,5027.5,2031-10-08
8993722297,69088723,2031-10-09,Cash,1914.81,2031-10-09
2929439019,63858550,2031-10-10,Wallet,377.8,2031-10-10
1661854320,79169760,2031-10-11,UPI,2680.38,2031-10-11
3082165628,49617892,2031-10-12,UPI,3474.38,2031-10-12
1745045814,88532418,2031-10-13,Card,3143.65,2031-10-13
813387880,92455970,2031-10-14,Wallet,3950.66,2031-10-14
8189879400,66427343,2031-10-15,Cash,2078.87,2031-10-15
8465045467,13604883,2031-10-16,Wallet,1239.22,2031-10-16
9232350528,4055790,2031-10-17,Cash,894.54,2031-10-17
1728666371,23126356,2031-10-18,Cash,3258.36,2031-10-18
6131815766,65514005,2031-10-19,Wallet,2043.07,2031-10-19
6438773635,67302239,2031-10-20,UPI,4912.61,2031-10-20
6912676966,29324437,2031-10-21,Wallet,961.64,2031-10-21
2840314717,26432512,2031-10-22,Wallet,1825.16,2031-10-22
9508359721,3002538,2031-10-23,UPI,746.29,2031-10-23
2244679313,4458329,2031-10-24,Card,127.16,2031-10-24
9407544177,66310963,2031-10-25,Card,979.99,2031-10-25
2528398796,87889031,2031-10-26,Wallet,2625.78,2031-10-26
9464988762,13567338,2031-10-27,UPI,916.92,2031-10-27
6373867899,66655397,2031-10-28,Card,1064.83,2031-10-28
4028185110,4789829,2031-10-29,Cash,3405.22,2031-10-29
9717018638,73679086,2031-10-30,Card,197.39,2031-10-30
4898477588,66766629,2031-10-31,UPI,3778.85,2031-10-31
4723165081,29562254,2031-11-01,UPI,1182.98,2031-11-01
2845954128,31324823,2031-11-02,Cash,1467.79,2031-11-02
23158044,31681710,2031-11-03,UPI,2726.7,2031-11-03
1486548042,13465850,2031-11-04,Card,3856.34,2031-11-04
708351411,69762479,2031-11-05,Cash,3373,2031-11-05
5512110908,40192266,2031-11-06,Cash,2082.1,2031-11-06
2295441899,58644651,2031-11-07,Cash,2679.68,2031-11-07
4867173151,35885052,2031-11-08,Card,494.17,2031-11-08
4635037652,69925688,2031-11-09,Wallet,493.19,2031-11-09
2209259378,86995126,2031-11-10,Card,2342.26,2031-11-10
4079286483,22227829,2031-11-11,Card,435.28,2031-11-11
9506078962,27336589,2031-11-12,Card,1267.45,2031-11-12
6894691072,83577942,2031-11-13,Cash,2650.68,2031-11-13
4481256065,66499992,2031-11-14,Card,1395.84,2031-11-14
5050919809,46885873,2031-11-15,Card,4439.75,2031-11-15
1328085383,67538982,2031-11-16,Wallet,1091.9,2031-11-16
5382246981,87266309,2031-11-17,Card,4419.12,2031-11-17
5647827263,96171594,2031-11-18,Card,1513.03,2031-11-18
9244268951,64316806,2031-11-19,UPI,568.94,2031-11-19
6217777735,12059049,2031-11-20,Card,1730.26,2031-11-20
3682639473,99301505,2031-11-21,Wallet,2777.46,2031-11-21
3859331666,23676689,2031-11-22,Wallet,1299.18,2031-11-22
7971689217,64932019,2031-11-23,Wallet,4281.75,2031-11-23
6822492679,98540377,2031-11-24,Cash,2513.48,2031-11-24
7211194993,16561710,2031-11-25,Cash,827.77,2031-11-25
461485679,4594944,2031-11-26,Wallet,4205.78,2031-11-26
3209732414,87335844,2031-11-27,Card,1028.26,2031-11-27
6537694730,75490147,2031-11-28,UPI,162.67,2031-11-28
7653097776,63184222,2031-11-29,Cash,2232.82,2031-11-29
4928556641,97475543,2031-11-30,Card,2275.2,2031-11-30
5905518100,86995126,2031-12-01,Wallet,581.92,2031-12-01
8337948336,25706121,2031-12-02,Cash,4230.25,2031-12-02
8814435884,69908484,2031-12-03,Card,3209.28,2031-12-03
6645415772,64906311,2031-12-04,UPI,2890.11,2031-12-04
5274039950,87059497,2031-12-05,Card,827.44,2031-12-05
7404052550,45166203,2031-12-06,UPI,2358.73,2031-12-06
8179058864,76970363,2031-12-07,UPI,530.59,2031-12-07
5195997912,29562072,2031-12-08,Wallet,3184.63,2031-12-08
3320194259,68219091,2031-12-09,UPI,2141.25,2031-12-09
8185684967,46686696,2031-12-10,Card,3101.41,2031-12-10
2324568019,59677346,2031-12-11,UPI,1885.21,2031-12-11
3522645150,22483684,2031-12-12,UPI,1588.47,2031-12-12
4510488834,90586443,2031-12-13,Card,2554.48,2031-12-13
9433427403,46848302,2031-12-14,Wallet,236.95,2031-12-14
8065436106,5763963,2031-12-15,Card,592.46,2031-12-15
846586265,10418604,2031-12-16,Cash,2302.23,2031-12-16
4337013612,30823988,2031-12-17,Card,422.5,2031-12-17
8916023990,3588443,2031-12-18,UPI,134.69,2031-12-18
6018805430,35358395,2031-12-19,Card,4118.37,2031-12-19
2676353168,25595836,2031-12-20,Cash,3310.03,2031-12-20
1069724600,10945990,2031-12-21,Cash,3298.22,2031-12-21
5503476312,36774480,2031-12-22,Wallet,242.57,2031-12-22
4439677910,91791128,2031-12-23,Wallet,1646.89,2031-12-23
8045361592,16543242,2031-12-24,Wallet,2264.11,2031-12-24
1873731593,20209237,2031-12-25,Wallet,630.84,2031-12-25
1126011099,53557741,2031-12-26,Card,3092.96,2031-12-26
4100626744,15484407,2031-12-27,UPI,13.25,2031-12-27
8616880376,16256136,2031-12-28,Wallet,102.44,2031-12-28
1427911940,20634789,2031-12-29,UPI,689.16,2031-12-29
4416398885,10945990,2031-12-30,Card,404.44,2031-12-30
2584579895,94713625,2031-12-31,Card,4261.37,2031-12-31
7770651576,87266309,2032-01-01,UPI,3258.88,2032-01-01
3705985582,34897081,2032-01-02,Wallet,1623.7,2032-01-02
5160295213,22133362,2032-01-03,Cash,3428.33,2032-01-03
4374285559,53399500,2032-01-04,UPI,1063.23,2032-01-04
9096638812,70243933,2032-01-05,UPI,3559.69,2032-01-05
2888179397,51341672,2032-01-06,UPI,3461.96,2032-01-06
3387165389,376144,2032-01-07,Card,3280.88,2032-01-07
1925647539,13424885,2032-01-08,UPI,2294.95,2032-01-08
6160848562,59769142,2032-01-09,Card,1022.08,2032-01-09
2343495895,2584499,2032-01-10,UPI,1706.95,2032-01-10
8812220964,66742602,2032-01-11,Wallet,2111.11,2032-01-11
8640364495,51670882,2032-01-12,Card,1012.07,2032-01-12
4610687284,27698051,2032-01-13,Cash,1094.43,2032-01-13
189431942,58115779,2032-01-14,UPI,163.03,2032-01-14
1746826454,36462363,2032-01-15,Card,261.03,2032-01-15
948345459,66629497,2032-01-16,UPI,1015.2,2032-01-16
9959881029,35782051,2032-01-17,UPI,3893.9,2032-01-17
621213006,43377076,2032-01-18,UPI,1244.79,2032-01-18
1772464528,66655397,2032-01-19,Cash,1709.44,2032-01-19
7732863862,89476734,2032-01-20,Cash,3828.04,2032-01-20
3064828239,6186471,2032-01-21,UPI,4356.46,2032-01-21
6363526452,53292177,2032-01-22,Wallet,3611.55,2032-01-22
6988011282,74212242,2032-01-23,Wallet,2171.93,2032-01-23
8523250818,77673290,2032-01-24,UPI,2236.59,2032-01-24
5595210484,93507573,2032-01-25,Card,639.5,2032-01-25
1461081366,13604883,2032-01-26,Cash,3593.55,2032-01-26
4922364507,79628054,2032-01-27,Cash,2661.33,2032-01-27
6597871211,59815512,2032-01-28,UPI,2777.48,2032-01-28
2719816862,85074810,2032-01-29,Wallet,332.84,2032-01-29
9830788650,87160527,2032-01-30,UPI,2924.55,2032-01-30
140980199,27504517,2032-01-31,UPI,769.7,2032-01-31
7595842583,90150193,2032-02-01,Cash,3399.47,2032-02-01
2390228992,46699982,2032-02-02,Card,2179.55,2032-02-02
8178738469,95873651,2032-02-03,Card,4117.53,2032-02-03
9964671001,79591237,2032-02-04,Card,3829.3,2032-02-04
1258689954,89886179,2032-02-05,Card,2868.78,2032-02-05
4647158015,13461704,2032-02-06,UPI,2279.47,2032-02-06
2382974038,83610315,2032-02-07,UPI,2282.13,2032-02-07
3663827875,28499191,2032-02-08,UPI,209.59,2032-02-08
6501113916,22210238,2032-02-09,UPI,4185.2,2032-02-09
3300719369,32830199,2032-02-10,Wallet,105.29,2032-02-10
3239722852,26935187,2032-02-11,UPI,4981.57,2032-02-11
6694899030,36142455,2032-02-12,Card,2823.27,2032-02-12
992895707,18259715,2032-02-13,Cash,592.58,2032-02-13
8432150432,9650263,2032-02-14,Wallet,755.01,2032-02-14
6220520171,42366724,2032-02-15,UPI,1721.87,2032-02-15
735608722,3292927,2032-02-16,Card,1276.51,2032-02-16
7303161073,98444183,2032-02-17,Cash,4591.66,2032-02-17
9783380107,70976153,2032-02-18,Card,2408.28,2032-02-18
3835886077,8384106,2032-02-19,Card,796.88,2032-02-19
8140652447,11705793,2032-02-20,Card,2649.69,2032-02-20
6412390967,66023110,2032-02-21,Card,3014.75,2032-02-21
6688575911,48943848,2032-02-22,Wallet,5088.41,2032-02-22
3890111511,68965787,2032-02-23,UPI,3935.46,2032-02-23
5145256852,57770044,2032-02-24,Cash,1501.57,2032-02-24
7375057413,12799092,2032-02-25,Card,1114.88,2032-02-25
3047491006,61182897,2032-02-26,Cash,3752.62,2032-02-26
7715738110,81605722,2032-02-27,Card,514.14,2032-02-27
6191554160,77869660,2032-02-28,Cash,580.42,2032-02-28
896919031,42366724,2032-02-29,Wallet,1440.73,2032-02-29
1535818185,99772709,2032-03-01,Card,1140.16,2032-03-01
4428830794,701493,2032-03-02,UPI,2948.82,2032-03-02
3610035622,20956158,2032-03-03,Card,622.81,2032-03-03
8674445072,50080663,2032-03-04,UPI,2038.01,2032-03-04
9623704312,38613295,2032-03-05,Card,580.18,2032-03-05
7786002894,30373140,2032-03-06,Cash,899.56,2032-03-06
3264409553,70976153,2032-03-07,Wallet,840.34,2032-03-07
7736534043,22915611,2032-03-08,Card,1003.46,2032-03-08
5936596117,67729191,2032-03-09,Card,3014.85,2032-03-09
1980087245,38875754,2032-03-10,Card,2606.6,2032-03-10
8861557989,52913011,2032-03-11,Cash,4574.66,2032-03-11
6702391437,13130974,2032-03-12,Card,4179.5,2032-03-12
6385452188,38875754,2032-03-13,UPI,2664.35,2032-03-13
8813216380,85177880,2032-03-14,Cash,3340.2,2032-03-14
5563712992,4597433,2032-03-15,UPI,3233.68,2032-03-15
966468552,70459847,2032-03-16,Card,2561.55,2032-03-16
4368529506,76327561,2032-03-17,UPI,1081.17,2032-03-17
3777009463,25829710,2032-03-18,Wallet,264.89,2032-03-18
3560912801,20163931,2032-03-19,Wallet,1052.23,2032-03-19
1741224538,90621147,2032-03-20,Cash,134.69,2032-03-20
4579251445,1507408,2032-03-21,Card,1057.68,2032-03-21
3438127101,59141605,2032-03-22,Cash,296.94,2032-03-22
9741958794,13164195,2032-03-23,Card,6173.45,2032-03-23
882082341,75828735,2032-03-24,Wallet,5094.56,2032-03-24
3629321763,79369660,2032-03-25,Cash,2988.51,2032-03-25
888938572,12695670,2032-03-26,Cash,597.91,2032-03-26
5263181887,90150193,2032-03-27,Card,1239.9,2032-03-27
7071557807,19375332,2032-03-28,Cash,3848.05,2032-03-28
6888804296,2442235,2032-03-29,Cash,2930.92,2032-03-29
814182718,65134271,2032-03-30,Card,2233.84,2032-03-30
3513524740,1301661,2032-03-31,Card,1395.67,2032-03-31
1234169434,22112867,2032-04-01,Card,3644.99,2032-04-01
2577990012,71902700,2032-04-02,Card,2577.46,2032-04-02
8446065263,79773912,2032-04-03,Card,2838.28,2032-04-03
4220970302,90621147,2032-04-04,UPI,2598.47,2032-04-04
5712516128,11503405,2032-04-05,Card,2661.8,2032-04-05
807167715,26521850,2032-04-06,Card,951.27,2032-04-06
213972345,71252391,2032-04-07,Card,3895.71,2032-04-07
1013762407,51174875,2032-04-08,UPI,2519.44,2032-04-08
5234194751,14207332,2032-04-09,Card,3494.6,2032-04-09
1389077693,37947202,2032-04-10,UPI,716.35,2032-04-10
1895143216,43295656,2032-04-11,Card,2921.03,2032-04-11
3667250123,7728406,2032-04-12,Cash,715.72,2032-04-12
6430529802,6459100,2032-04-13,Wallet,2974.48,2032-04-13
4856277700,67729191,2032-04-14,UPI,1070.91,2032-04-14
1492403962,11389698,2032-04-15,Wallet,5366.78,2032-04-15
4348167632,93675757,2032-04-16,UPI,2152.66,2032-04-16
3682471195,90856813,2032-04-17,UPI,2138.69,2032-04-17
6888837939,67708491,2032-04-18,Wallet,1159.32,2032-04-18
2278004109,99301505,2032-04-19,Card,2292.05,2032-04-19
7471013149,46185579,2032-04-20,UPI,1656.84,2032-04-20
755745232,3844290,2032-04-21,Cash,1086.05,2032-04-21
2963187161,91448742,2032-04-22,Card,169.88,2032-04-22
3980591844,96903782,2032-04-23,Wallet,2917.28,2032-04-23
9960808976,78748184,2032-04-24,Card,4324.68,2032-04-24
8740552000,34095555,2032-04-25,Wallet,391.21,2032-04-25
9230099449,60319216,2032-04-26,Card,3331.12,2032-04-26
4277432248,91408854,2032-04-27,Wallet,3536.17,2032-04-27
3624765984,36400756,2032-04-28,Card,4517.75,2032-04-28
8533110341,10524732,2032-04-29,UPI,1621.58,2032-04-29
5036664068,2667357,2032-04-30,UPI,1666.89,2032-04-30
9989636336,191616,2032-05-01,Cash,2425.95,2032-05-01
2843642858,46208150,2032-05-02,Cash,831.1,2032-05-02
7510849424,82585664,2032-05-03,Wallet,1640.42,2032-05-03
8744806310,8395343,2032-05-04,Card,3826.97,2032-05-04
7605774154,6150721,2032-05-05,Cash,1536.89,2032-05-05
6904233594,65514005,2032-05-06,UPI,2570.78,2032-05-06
6371336060,8241122,2032-05-07,Wallet,631.7,2032-05-07
8137624530,22210238,2032-05-08,UPI,3147.61,2032-05-08
9131474241,98246574,2032-05-09,Card,340.66,2032-05-09
7413772322,98709982,2032-05-10,Card,2586.5,2032-05-10
9400852015,44149982,2032-05-11,Card,2754.81,2032-05-11
4867437863,13164195,2032-05-12,Wallet,3132.92,2032-05-12
4219458877,87222820,2032-05-13,Card,951.43,2032-05-13
35135941,28205701,2032-05-14,UPI,1216.16,2032-05-14
4754258275,10019218,2032-05-15,Card,2315.11,2032-05-15
9195687538,74548003,2032-05-16,Wallet,212.14,2032-05-16
344554037,78847070,2032-05-17,Card,3774.14,2032-05-17
7503255456,82948843,2032-05-18,Card,5414.01,2032-05-18
5903638531,78209683,2032-05-19,Card,3051.04,2032-05-19
1670694517,92356639,2032-05-20,Cash,3118.23,2032-05-20
2369121788,60062501,2032-05-21,UPI,2951.41,2032-05-21
6012082951,88866835,2032-05-22,Card,3669.77,2032-05-22
3675914158,89361574,2032-05-23,Card,2124.26,2032-05-23
1396605672,20956158,2032-05-24,Card,1723.88,2032-05-24
4260996213,77035814,2032-05-25,Wallet,1730.33,2032-05-25
4749534376,53100521,2032-05-26,Card,1648.07,2032-05-26
6095091385,34839913,2032-05-27,Cash,2486.58,2032-05-27
1131338162,21201299,2032-05-28,Cash,2695.16,2032-05-28
6100236720,83660688,2032-05-29,Cash,4190.59,2032-05-29
3363683548,43367112,2032-05-30,Card,2065.75,2032-05-30
8721540965,38902882,2032-05-31,UPI,5604.64,2032-05-31
1712456261,90448312,2032-06-01,Cash,418.48,2032-06-01
760930025,49756591,2032-06-02,Card,873.51,2032-06-02
5652465358,57523973,2032-06-03,Card,2293.55,2032-06-03
3580915899,87954926,2032-06-04,UPI,2660.98,2032-06-04
1174382816,773410,2032-06-05,Card,1838.15,2032-06-05
3200474667,15631726,2032-06-06,Wallet,2976.81,2032-06-06
7474651061,63238941,2032-06-07,Cash,3731.78,2032-06-07
1892282465,80517784,2032-06-08,Wallet,2849.48,2032-06-08
3859828998,701493,2032-06-09,Wallet,2721.16,2032-06-09
2554590672,19482392,2032-06-10,Wallet,3840.61,2032-06-10
9667675052,40871915,2032-06-11,UPI,2282.92,2032-06-11
8382437838,46185579,2032-06-12,Wallet,1907.89,2032-06-12
6247090607,90038364,2032-06-13,Wallet,1801.01,2032-06-13
5004073261,27304827,2032-06-14,Cash,1228.31,2032-06-14
6595898122,67896836,2032-06-15,UPI,1080.49,2032-06-15
9844371682,31527100,2032-06-16,Wallet,1742,2032-06-16
7198169379,26844216,2032-06-17,Card,865.68,2032-06-17
2815855636,38808614,2032-06-18,Card,3710.55,2032-06-18
6033660622,65618148,2032-06-19,Wallet,1321.76,2032-06-19
7944056454,10729474,2032-06-20,Wallet,3162.64,2032-06-20
4354264440,25722990,2032-06-21,Cash,1607.15,2032-06-21
5623096090,68703613,2032-06-22,Wallet,1565.76,2032-06-22
701856661,11143197,2032-06-23,Card,3622.14,2032-06-23
1911276445,73799927,2032-06-24,Wallet,1896.67,2032-06-24
9323909987,47990044,2032-06-25,UPI,77.11,2032-06-25
1988898073,78157360,2032-06-26,UPI,1541.22,2032-06-26
6457671753,51048402,2032-06-27,Wallet,2200.47,2032-06-27
3556497272,9347990,2032-06-28,UPI,96.09,2032-06-28
2182762247,54347213,2032-06-29,Cash,1308.92,2032-06-29
6026842782,75928073,2032-06-30,Wallet,2610,2032-06-30
1227108607,69242672,2032-07-01,Card,3901.39,2032-07-01
9362226645,28428852,2032-07-02,Wallet,3503.23,2032-07-02
6313785973,28603182,2032-07-03,UPI,2326.58,2032-07-03
1297253359,77811864,2032-07-04,Cash,1250.24,2032-07-04
6138091203,41261495,2032-07-05,Card,1284.92,2032-07-05
4770739350,61753272,2032-07-06,Card,3259.93,2032-07-06
6253838449,19393135,2032-07-07,Card,938.37,2032-07-07
1015708455,24153726,2032-07-08,Wallet,3175.14,2032-07-08
2201201842,6398761,2032-07-09,Card,1547.91,2032-07-09
200000051,8632679,2032-07-10,UPI,1442.99,2032-07-10
409570377,12574626,2032-07-11,Card,1524.99,2032-07-11
5944464513,34095555,2032-07-12,Wallet,1371.17,2032-07-12
7064377287,26716400,2032-07-13,Wallet,328.51,2032-07-13
7763036477,26285589,2032-07-14,Cash,4277.29,2032-07-14
7494002152,91382237,2032-07-15,Card,2287.2,2032-07-15
692127479,67538982,2032-07-16,Wallet,3284.88,2032-07-16
7544245121,87160527,2032-07-17,UPI,4067.24,2032-07-17
4429641190,11562458,2032-07-18,Cash,3518.61,2032-07-18
8093366865,29451600,2032-07-19,Cash,1770.01,2032-07-19
6269075067,81382213,2032-07-20,Wallet,3745.59,2032-07-20
4056304110,211163,2032-07-21,UPI,3567.36,2032-07-21
4447978623,31076002,2032-07-22,Cash,2037.9,2032-07-22
5875285677,62510499,2032-07-23,Wallet,3993.93,2032-07-23
4177774653,23844919,2032-07-24,Wallet,294.79,2032-07-24
502632296,9450435,2032-07-25,Card,4257.49,2032-07-25
5037688536,49756591,2032-07-26,Card,903.52,2032-07-26
6844277478,47577193,2032-07-27,Card,2190.84,2032-07-27
3368317718,70867736,2032-07-28,UPI,914.88,2032-07-28
913881994,13251137,2032-07-29,Cash,317.82,2032-07-29
6445700839,4988545,2032-07-30,UPI,1574.46,2032-07-30
101613683,43377076,2032-07-31,Card,1314.09,2032-07-31
7094586913,82900175,2032-08-01,UPI,1045.98,2032-08-01
2478557609,58170168,2032-08-02,Wallet,1632.79,2032-08-02
9516720368,97466783,2032-08-03,Card,3117.54,2032-08-03
3808010352,23126356,2032-08-04,Wallet,2359.74,2032-08-04
7921886899,11143197,2032-08-05,Cash,1342.87,2032-08-05
6818712547,66655397,2032-08-06,Cash,2620.04,2032-08-06
4538204462,35812567,2032-08-07,Card,3043.32,2032-08-07
2008331630,36833857,2032-08-08,Wallet,1630.96,2032-08-08
3901338038,63238941,2032-08-09,Cash,657.8,2032-08-09
1483786406,63451391,2032-08-10,Card,3934.29,2032-08-10
5022936426,73377004,2032-08-11,Wallet,2217.52,2032-08-11
5470875365,55042740,2032-08-12,UPI,4003.77,2032-08-12
7144611408,33280073,2032-08-13,Cash,989.77,2032-08-13
9411421675,61226563,2032-08-14,Cash,4144.86,2032-08-14
7315949343,14458150,2032-08-15,Wallet,2639.3,2032-08-15
9430475133,24621386,2032-08-16,Cash,4145.1,2032-08-16
3062145702,24821281,2032-08-17,Card,3288.07,2032-08-17
6500458984,35912599,2032-08-18,Card,440.17,2032-08-18
7429306851,62541176,2032-08-19,Wallet,1343.84,2032-08-19
2687236003,83588803,2032-08-20,Wallet,3207.16,2032-08-20
1885906938,13455530,2032-08-21,Cash,4489.81,2032-08-21
9949334146,73363613,2032-08-22,Wallet,217.5,2032-08-22
2555454584,19182548,2032-08-23,Cash,1626.42,2032-08-23
2503209946,26844216,2032-08-24,Cash,1069.03,2032-08-24
2329563439,78157360,2032-08-25,UPI,1139.89,2032-08-25
1041536174,93018527,2032-08-26,Card,2780.93,2032-08-26
6631188689,8361353,2032-08-27,Cash,3536.2,2032-08-27
9300178512,26936578,2032-08-28,Cash,1204.48,2032-08-28
1086881691,77035814,2032-08-29,Cash,1914.71,2032-08-29
8008880980,57505804,2032-08-30,Card,1909.21,2032-08-30
2417680703,30823988,2032-08-31,Card,2694.25,2032-08-31
1117730990,96640716,2032-09-01,Cash,998.06,2032-09-01
1678557345,49136375,2032-09-02,Wallet,1308.24,2032-09-02
4505129824,17341194,2032-09-03,Cash,2663.24,2032-09-03
8737295686,69749541,2032-09-04,Wallet,930.92,2032-09-04
7997347191,31813,2032-09-05,Wallet,4498.83,2032-09-05
1930645698,35554129,2032-09-06,Card,3514.7,2032-09-06
5393373590,5712468,2032-09-07,Card,487.51,2032-09-07
5851854765,82032191,2032-09-08,Wallet,1865.04,2032-09-08
3765179520,43784632,2032-09-09,Wallet,3700.97,2032-09-09
683969424,98225598,2032-09-10,Cash,2629.12,2032-09-10
8459624382,64489709,2032-09-11,Wallet,786.02,2032-09-11
7110044004,62807542,2032-09-12,UPI,941.87,2032-09-12
4302375314,96253172,2032-09-13,Card,3332.44,2032-09-13
1245307588,13760839,2032-09-14,Cash,1800.39,2032-09-14
3876260101,70420271,2032-09-15,Wallet,22.14,2032-09-15
3162263618,23676689,2032-09-16,Card,2824.3,2032-09-16
655792395,11254582,2032-09-17,Wallet,1028.96,2032-09-17
7624743284,40392019,2032-09-18,UPI,3542.84,2032-09-18
4783962671,57765367,2032-09-19,Card,2056.76,2032-09-19
7166787473,97928541,2032-09-20,Card,2983.11,2032-09-20
9395228070,40275138,2032-09-21,Cash,1849.78,2032-09-21
902157975,80371626,2032-09-22,Cash,946.86,2032-09-22
6947741744,49617531,2032-09-23,UPI,936.96,2032-09-23
4788498083,16420489,2032-09-24,Wallet,2208.78,2032-09-24
8070127087,27709218,2032-09-25,Card,2506.63,2032-09-25
5191429552,14944819,2032-09-26,UPI,2418.97,2032-09-26
5220651138,91768226,2032-09-27,Cash,2783.14,2032-09-27
2758734705,54797119,2032-09-28,UPI,1460.54,2032-09-28
2907887532,85838438,2032-09-29,UPI,3870.66,2032-09-29
7388846009,59094034,2032-09-30,UPI,616.45,2032-09-30
2606843929,29415527,2032-10-01,Cash,2095.62,2032-10-01
5637567433,91562028,2032-10-02,Wallet,2428.45,2032-10-02
8838095431,41194825,2032-10-03,UPI,2640.35,2032-10-03
1564649286,77869660,2032-10-04,Card,827.44,2032-10-04
4098166849,33741801,2032-10-05,Wallet,4892.12,2032-10-05
8091143423,25128143,2032-10-06,Card,3293.8,2032-10-06
3024045336,54877984,2032-10-07,Cash,2790.23,2032-10-07
6152984028,60732869,2032-10-08,Card,2124.37,2032-10-08
3450790653,87266831,2032-10-09,Card,1861.71,2032-10-09
8028917900,57340963,2032-10-10,Card,2365.92,2032-10-10
7781884407,90666073,2032-10-11,Wallet,773.17,2032-10-11
3483689828,7687234,2032-10-12,UPI,4559.56,2032-10-12
8341286014,31076002,2032-10-13,Card,2399.69,2032-10-13
7936106887,95309983,2032-10-14,UPI,577.13,2032-10-14
2247354978,6668498,2032-10-15,Cash,1322.72,2032-10-15
5347701114,22036818,2032-10-16,Card,374.68,2032-10-16
7846068436,93507573,2032-10-17,Card,3379.35,2032-10-17
9893439302,67277562,2032-10-18,Wallet,3745.35,2032-10-18
4160816433,2219590,2032-10-19,UPI,3238.22,2032-10-19
6000890622,62828341,2032-10-20,UPI,1826.22,2032-10-20
7317676958,92356639,2032-10-21,Card,2967.08,2032-10-21
8620144614,20122449,2032-10-22,Wallet,1435.13,2032-10-22
3940758882,40085705,2032-10-23,Card,186.08,2032-10-23
5216555041,30188374,2032-10-24,Wallet,3340.8,2032-10-24
5144793312,59518795,2032-10-25,UPI,724.84,2032-10-25
7241413847,10048910,2032-10-26,Wallet,2620.23,2032-10-26
3567610983,1816969,2032-10-27,Cash,3657.49,2032-10-27
16878685,37556526,2032-10-28,Cash,4267.94,2032-10-28
951657166,63624332,2032-10-29,UPI,3588.19,2032-10-29
4189022307,21597477,2032-10-30,Card,2928.14,2032-10-30
7378521428,10857389,2032-10-31,UPI,1225.86,2032-10-31
6266311709,67708491,2032-11-01,Cash,1654.8,2032-11-01
7985347262,22483684,2032-11-02,Wallet,1777.54,2032-11-02
992764262,69240186,2032-11-03,Cash,971.71,2032-11-03
3080291353,93937586,2032-11-04,Wallet,2790.84,2032-11-04
5532188237,211163,2032-11-05,UPI,4861.55,2032-11-05
6814658453,55278329,2032-11-06,Card,552.2,2032-11-06
4861499558,2684440,2032-11-07,Wallet,1381.1,2032-11-07
2521042570,28394354,2032-11-08,Cash,3010.69,2032-11-08
5217781278,85658166,2032-11-09,UPI,3074.48,2032-11-09
8006034379,43784632,2032-11-10,Card,3400.58,2032-11-10
7380913411,49869358,2032-11-11,UPI,367.08,2032-11-11
7706841114,68016312,2032-11-12,Card,1317.62,2032-11-12
1561779937,76359458,2032-11-13,Cash,1882.99,2032-11-13
7196559586,85658166,2032-11-14,Cash,1685.6,2032-11-14
2359961993,28995786,2032-11-15,Cash,1895.12,2032-11-15
243819964,98225598,2032-11-16,Wallet,1812.09,2032-11-16
4806735178,8651281,2032-11-17,Card,1275.37,2032-11-17
9198762300,46185579,2032-11-18,Wallet,1570.51,2032-11-18
1105231941,29600229,2032-11-19,UPI,3493.45,2032-11-19
5533955218,38969732,2032-11-20,Card,5096.95,2032-11-20
5130246751,87641623,2032-11-21,Card,1592.03,2032-11-21
4528445001,20163931,2032-11-22,Wallet,1640.29,2032-11-22
9503959018,31084686,2032-11-23,Cash,3593.97,2032-11-23
4107052604,34668988,2032-11-24,UPI,2777.59,2032-11-24
5578822558,8817168,2032-11-25,UPI,196.64,2032-11-25
5506634472,6579892,2032-11-26,Wallet,4019.21,2032-11-26
4112426763,97825663,2032-11-27,Card,2042.79,2032-11-27
7157334145,90021871,2032-11-28,Wallet,239.54,2032-11-28
8423458672,60698094,2032-11-29,Card,1745.1,2032-11-29
3011683470,65121696,2032-11-30,Cash,4549.72,2032-11-30
1884947290,75244116,2032-12-01,Wallet,831.43,2032-12-01
558163882,39317905,2032-12-02,Wallet,3633.09,2032-12-02
824869105,66943324,2032-12-03,UPI,2516.52,2032-12-03
4193492511,10683250,2032-12-04,Wallet,316.02,2032-12-04
120996684,92455970,2032-12-05,Card,3139.62,2032-12-05
2531932780,91500615,2032-12-06,Wallet,3340.23,2032-12-06
8095547865,27620326,2032-12-07,Wallet,3355.93,2032-12-07
6894204435,10700664,2032-12-08,Cash,697.38,2032-12-08
9514917126,43599910,2032-12-09,UPI,1620.95,2032-12-09
9329665908,57102800,2032-12-10,Card,2049.58,2032-12-10
1435406360,1174162,2032-12-11,Wallet,2259.17,2032-12-11
3460843508,32797235,2032-12-12,UPI,3465.32,2032-12-12
4762084133,72564495,2032-12-13,Card,1969.21,2032-12-13
3884862300,51544662,2032-12-14,Card,951.43,2032-12-14
1990946411,82286725,2032-12-15,Cash,2524.56,2032-12-15
5054937065,9274874,2032-12-16,UPI,965.37,2032-12-16
9431652023,59890331,2032-12-17,Cash,5320.2,2032-12-17
2268736598,19259955,2032-12-18,Cash,2006.71,2032-12-18
2793638565,26844216,2032-12-19,UPI,2375.75,2032-12-19
4168839407,12088552,2032-12-20,Cash,822.68,2032-12-20
7406514357,20298398,2032-12-21,Card,3698.78,2032-12-21
6087916798,89968482,2032-12-22,UPI,1692.4,2032-12-22
4319962076,36146306,2032-12-23,Cash,1612.18,2032-12-23
3904134741,58631874,2032-12-24,UPI,782.49,2032-12-24
3770123374,29415527,2032-12-25,Cash,1939.04,2032-12-25
4494390731,34768050,2032-12-26,Wallet,1921.19,2032-12-26
6109777696,89699655,2032-12-27,Card,3725.57,2032-12-27
1401372388,71411879,2032-12-28,Wallet,426.72,2032-12-28
4283973398,18791381,2032-12-29,Card,2869.43,2032-12-29
3261847147,67383024,2032-12-30,Cash,3932.73,2032-12-30
3153811191,87335844,2032-12-31,Wallet,755.66,2032-12-31
2639216409,37702698,2033-01-01,Card,880.72,2033-01-01
5948575331,92038780,2033-01-02,Card,2112.59,2033-01-02
7792925364,59830126,2033-01-03,Card,2656.43,2033-01-03
7286478750,91196901,2033-01-04,Card,3482.66,2033-01-04
9776505630,15661674,2033-01-05,Card,4167.91,2033-01-05
4527342708,81183415,2033-01-06,Wallet,1558.74,2033-01-06
1124359689,97825663,2033-01-07,Card,3608.92,2033-01-07
3717458742,18113428,2033-01-08,Cash,509.11,2033-01-08
283675535,20238921,2033-01-09,Wallet,1413.39,2033-01-09
6039353394,86479284,2033-01-10,Cash,313.77,2033-01-10
6735917931,47206881,2033-01-11,Wallet,2951.24,2033-01-11
5155256671,19523856,2033-01-12,UPI,2961.15,2033-01-12
3984108726,31576845,2033-01-13,Wallet,2458.19,2033-01-13
2491374111,2361575,2033-01-14,Wallet,1196.3,2033-01-14
2043371805,45066676,2033-01-15,Card,2756.32,2033-01-15
9657782153,87251489,2033-01-16,Card,995.98,2033-01-16
9237289778,70168151,2033-01-17,Card,4471.64,2033-01-17
8917116859,91562028,2033-01-18,Card,1307.18,2033-01-18
720578658,37551429,2033-01-19,UPI,963.23,2033-01-19
9122210530,15066187,2033-01-20,UPI,3972.81,2033-01-20
3540524256,28205701,2033-01-21,UPI,1218.01,2033-01-21
1909520255,71276926,2033-01-22,Card,2163.69,2033-01-22
8022279737,83058329,2033-01-23,Wallet,275.03,2033-01-23
7381549355,75082508,2033-01-24,UPI,3144.56,2033-01-24
3998829973,44149982,2033-01-25,Card,2828.4,2033-01-25
2895464675,94281220,2033-01-26,Cash,935.64,2033-01-26
3971098657,90919603,2033-01-27,Card,3993.42,2033-01-27
5278249111,78267238,2033-01-28,Wallet,1485.67,2033-01-28
9810576443,42723554,2033-01-29,UPI,556.35,2033-01-29
4128844410,76438648,2033-01-30,Wallet,2556.83,2033-01-30
6103869123,16376189,2033-01-31,UPI,1609.25,2033-01-31
6595041423,57291761,2033-02-01,Card,2079.8,2033-02-01
3991011923,19182548,2033-02-02,Wallet,1616.34,2033-02-02
5275440923,67046342,2033-02-03,Wallet,932.79,2033-02-03
6468633344,29324437,2033-02-04,Wallet,5515.23,2033-02-04
9992859795,4356173,2033-02-05,Wallet,820.83,2033-02-05
7518488485,54222320,2033-02-06,Wallet,1783.54,2033-02-06
9746950023,31776996,2033-02-07,Card,1562.94,2033-02-07
2721433550,58873572,2033-02-08,UPI,1076.03,2033-02-08
6131680348,83701325,2033-02-09,Card,2083.65,2033-02-09
2281544500,40692378,2033-02-10,UPI,2330.28,2033-02-10
4283802879,61020,2033-02-11,Wallet,2769.12,2033-02-11
8621732366,25722990,2033-02-12,UPI,4527.28,2033-02-12
3797679856,11562458,2033-02-13,Cash,4441,2033-02-13
8532100929,31831843,2033-02-14,Card,816.38,2033-02-14
2973976544,96795047,2033-02-15,Wallet,1825.81,2033-02-15
814260962,14974554,2033-02-16,Cash,869.22,2033-02-16
9411848231,59545278,2033-02-17,UPI,2562.81,2033-02-17
6637284724,36517334,2033-02-18,UPI,422.23,2033-02-18
6497594124,39150258,2033-02-19,Wallet,1858.93,2033-02-19
7213146086,4862761,2033-02-20,UPI,1072.95,2033-02-20
5110274761,24821281,2033-02-21,Wallet,3728.79,2033-02-21
1112110363,98625898,2033-02-22,UPI,775.91,2033-02-22
1209202931,29451600,2033-02-23,Card,2722.78,2033-02-23
6384745391,37095171,2033-02-24,Cash,1511.16,2033-02-24
3367452972,61020,2033-02-25,Cash,2515.48,2033-02-25
2317597587,68661619,2033-02-26,Card,4784.85,2033-02-26
2254884198,54893418,2033-02-27,UPI,1433.62,2033-02-27
679196318,18642306,2033-02-28,Wallet,4412.07,2033-02-28
2185319815,19180962,2033-03-01,Card,3963.77,2033-03-01
5965281449,17597449,2033-03-02,Cash,3412.11,2033-03-02
8616726869,37691544,2033-03-03,Wallet,2369.51,2033-03-03
4786027510,5001749,2033-03-04,UPI,418.48,2033-03-04
4910445344,44030130,2033-03-05,Wallet,914.88,2033-03-05
7629577899,23348269,2033-03-06,UPI,2550.73,2033-03-06
4769055037,66742602,2033-03-07,Cash,3732.8,2033-03-07
8476029654,77085443,2033-03-08,Cash,1585.8,2033-03-08
7809866112,3999964,2033-03-09,Cash,3373.17,2033-03-09
5453896364,59840071,2033-03-10,UPI,908.37,2033-03-10
9080432189,50080663,2033-03-11,Card,3264.51,2033-03-11
3079758919,16410155,2033-03-12,UPI,1024.08,2033-03-12
4076039325,27604184,2033-03-13,Wallet,3972.8,2033-03-13
9239241275,57291761,2033-03-14,Cash,169.88,2033-03-14
4864829217,26521850,2033-03-15,UPI,144.19,2033-03-15
5108704843,10951674,2033-03-16,Wallet,1179.1,2033-03-16
8049805410,23098216,2033-03-17,Cash,3823.81,2033-03-17
4711642504,76850859,2033-03-18,Card,2497.92,2033-03-18
8952094523,85626346,2033-03-19,UPI,4876.44,2033-03-19
4285784267,82169898,2033-03-20,UPI,2812.89,2033-03-20
7494670835,38728779,2033-03-21,Cash,3677.66,2033-03-21
7667090453,66135710,2033-03-22,Card,852.81,2033-03-22
2193572534,19682060,2033-03-23,UPI,2801.84,2033-03-23
5357089776,44223796,2033-03-24,UPI,3880.92,2033-03-24
1191016829,51661209,2033-03-25,Wallet,2000.2,2033-03-25
549484032,79206969,2033-03-26,Card,3436.16,2033-03-26
8164076900,91408854,2033-03-27,Wallet,4033.94,2033-03-27
7136165651,59485034,2033-03-28,Cash,5318.71,2033-03-28
5368349643,46504355,2033-03-29,Card,3673.15,2033-03-29
6965901435,33741801,2033-03-30,UPI,2324.43,2033-03-30
6687307827,88532418,2033-03-31,Wallet,2084.52,2033-03-31
475294138,31084686,2033-04-01,Card,2500.69,2033-04-01
9047534059,41647393,2033-04-02,UPI,1074,2033-04-02
2807487047,90448312,2033-04-03,Wallet,3868.21,2033-04-03
5840148195,66269844,2033-04-04,Wallet,1688.23,2033-04-04
3758135932,77007315,2033-04-05,Card,1629.06,2033-04-05
1978476136,97315135,2033-04-06,Wallet,2183.52,2033-04-06
423648434,82989313,2033-04-07,Wallet,3926.19,2033-04-07
7201868330,89669139,2033-04-08,Card,1845.31,2033-04-08
9710106935,14458150,2033-04-09,UPI,4495.54,2033-04-09
4432235479,9278983,2033-04-10,Card,1175.35,2033-04-10
6951956244,60656482,2033-04-11,Wallet,354.91,2033-04-11
378485826,75739462,2033-04-12,UPI,616.45,2033-04-12
8982211913,23984022,2033-04-13,Cash,2492.17,2033-04-13
6487868576,49136375,2033-04-14,Card,209.59,2033-04-14
2973502797,74694186,2033-04-15,UPI,5868.92,2033-04-15
4105022903,21282544,2033-04-16,Card,1134,2033-04-16
3668828731,72889295,2033-04-17,Card,2975.38,2033-04-17
8644734267,23348269,2033-04-18,Card,3446.55,2033-04-18
3757871565,9401406,2033-04-19,UPI,2012.76,2033-04-19
5770510806,47955004,2033-04-20,Cash,127.16,2033-04-20
4514836077,60834500,2033-04-21,Wallet,401.43,2033-04-21
5927852227,37556526,2033-04-22,Cash,1975.03,2033-04-22
350719542,18642306,2033-04-23,Wallet,1969.47,2033-04-23
868288823,65772743,2033-04-24,Wallet,3268.84,2033-04-24
7199670826,22694456,2033-04-25,Card,958.97,2033-04-25
3091948113,77306672,2033-04-26,Cash,443.69,2033-04-26
5793742966,83412446,2033-04-27,Cash,140.8,2033-04-27
7347109009,75632045,2033-04-28,Cash,3507.67,2033-04-28
7078912146,36142455,2033-04-29,UPI,3073.16,2033-04-29
2480856222,30373140,2033-04-30,Wallet,3309.6,2033-04-30
281421547,88520326,2033-05-01,Cash,4398.86,2033-05-01
5226963306,96628029,2033-05-02,Card,397.68,2033-05-02
7316642056,92404798,2033-05-03,UPI,3157.75,2033-05-03
8997415290,85490177,2033-05-04,Cash,1549.44,2033-05-04
6737025662,44928499,2033-05-05,UPI,1924.08,2033-05-05
8395290763,88312515,2033-05-06,UPI,4696.69,2033-05-06
7261119579,65903057,2033-05-07,UPI,448.16,2033-05-07
9938037878,9796585,2033-05-08,UPI,905.35,2033-05-08
7154987905,63802820,2033-05-09,Cash,1627.23,2033-05-09
3605534244,57526322,2033-05-10,Cash,3762.7,2033-05-10
5626601040,19091057,2033-05-11,Wallet,931.61,2033-05-11
2577064886,63948546,2033-05-12,Card,1713.44,2033-05-12
2561362173,33481252,2033-05-13,Cash,2542.56,2033-05-13
2793120553,6622751,2033-05-14,Cash,3090.15,2033-05-14
4476563699,59222551,2033-05-15,UPI,3655.01,2033-05-15
1580021952,30317733,2033-05-16,Cash,3705.07,2033-05-16
7263454149,13760839,2033-05-17,Card,576.22,2033-05-17
4371924002,75944533,2033-05-18,Card,316.02,2033-05-18
2955277471,79960955,2033-05-19,UPI,2514.46,2033-05-19
9445490338,6812439,2033-05-20,Cash,804.7,2033-05-20
2668915104,19180962,2033-05-21,Card,5494.22,2033-05-21
1045621584,85340038,2033-05-22,UPI,4374.94,2033-05-22
4550545705,17805991,2033-05-23,Card,5039.37,2033-05-23
3373390154,68703613,2033-05-24,Cash,576.22,2033-05-24
5142985961,2457734,2033-05-25,UPI,2044.41,2033-05-25
649220272,67696145,2033-05-26,Card,795.26,2033-05-26
5023958886,12832151,2033-05-27,Card,4198,2033-05-27
9993542681,42589311,2033-05-28,UPI,3564.26,2033-05-28
4380367305,8955057,2033-05-29,Wallet,1313.89,2033-05-29
3626113485,97286925,2033-05-30,Cash,4059.84,2033-05-30
4399099668,44050697,2033-05-31,Wallet,2045.24,2033-05-31
3760880745,8791577,2033-06-01,UPI,1342.49,2033-06-01
1803155516,98088303,2033-06-02,Cash,1874.24,2033-06-02
4413782983,47515046,2033-06-03,Cash,814.87,2033-06-03
6766424456,21866852,2033-06-04,Cash,904.88,2033-06-04
8701531535,52613657,2033-06-05,Card,852.02,2033-06-05
3961971562,89811984,2033-06-06,UPI,263.7,2033-06-06
1337510774,80800079,2033-06-07,Card,1563.84,2033-06-07
8859147707,78394303,2033-06-08,Cash,1820.22,2033-06-08
5850669672,24137201,2033-06-09,UPI,3441.13,2033-06-09
1183906926,60385293,2033-06-10,UPI,882.31,2033-06-10
6277509652,71956734,2033-06-11,Wallet,4850.27,2033-06-11
72748189,82286725,2033-06-12,Wallet,3654.1,2033-06-12
3164922639,74230420,2033-06-13,UPI,1727.29,2033-06-13
1768504415,20209237,2033-06-14,Wallet,1516.6,2033-06-14
8173155169,56441247,2033-06-15,Card,1245.24,2033-06-15
6164820061,91789216,2033-06-16,Cash,1332.79,2033-06-16
768283559,24621386,2033-06-17,Wallet,1780.68,2033-06-17
5091744424,53624677,2033-06-18,Cash,13.25,2033-06-18
932482893,81088747,2033-06-19,Card,342.66,2033-06-19
4588148640,24137201,2033-06-20,Card,2884.36,2033-06-20
8120457107,97664747,2033-06-21,Card,3823.51,2033-06-21
6107471725,81940369,2033-06-22,Wallet,3945.66,2033-06-22
7001417958,22358567,2033-06-23,Wallet,817.16,2033-06-23
7983443604,39717448,2033-06-24,Wallet,1707.78,2033-06-24
3057907418,81757554,2033-06-25,Wallet,2382.53,2033-06-25
3312147996,67711384,2033-06-26,Wallet,5328,2033-06-26
6822269883,69276352,2033-06-27,Cash,999.44,2033-06-27
5004539711,73933840,2033-06-28,UPI,3936.23,2033-06-28
2426015858,22081691,2033-06-29,Wallet,3841.06,2033-06-29
4415332793,7333934,2033-06-30,Cash,96.09,2033-06-30
1256813796,12832151,2033-07-01,Cash,4157.79,2033-07-01
633633688,71694275,2033-07-02,Cash,5102.81,2033-07-02
8311814996,50953418,2033-07-03,Cash,3146.13,2033-07-03
1441735184,41181125,2033-07-04,Card,2119.23,2033-07-04
1525742840,39042103,2033-07-05,Wallet,1791.07,2033-07-05
1947080315,54837637,2033-07-06,Wallet,385.71,2033-07-06
5682081545,57340963,2033-07-07,Cash,1276.66,2033-07-07
8100817128,41494517,2033-07-08,Wallet,369.98,2033-07-08
6051792089,68906393,2033-07-09,Cash,2200.67,2033-07-09
1158173915,27746432,2033-07-10,Card,3642.25,2033-07-10
266072469,49529811,2033-07-11,Wallet,877.17,2033-07-11
2529883737,94529626,2033-07-12,UPI,4623.58,2033-07-12
9090089969,10951674,2033-07-13,UPI,931.23,2033-07-13
7102272749,10508763,2033-07-14,Cash,374.68,2033-07-14
4948925080,21201299,2033-07-15,Cash,3344.82,2033-07-15
9463013186,11928321,2033-07-16,Card,1175.72,2033-07-16
5581013292,97557157,2033-07-17,UPI,2823.96,2033-07-17
7009619835,11063505,2033-07-18,Cash,1428.03,2033-07-18
9177283950,33472376,2033-07-19,Wallet,4070.17,2033-07-19
9359187866,60732869,2033-07-20,Card,3474.61,2033-07-20
1524480475,14161586,2033-07-21,Cash,3993.19,2033-07-21
3829990099,60379302,2033-07-22,Cash,2064.98,2033-07-22
1058609445,51341672,2033-07-23,Cash,2839.16,2033-07-23
1022764286,62243869,2033-07-24,Wallet,878.8,2033-07-24
1913299658,84377964,2033-07-25,UPI,1562.68,2033-07-25
5305443623,80476444,2033-07-26,UPI,2634.39,2033-07-26
4074369199,18259715,2033-07-27,Cash,296.94,2033-07-27
9966404015,85072416,2033-07-28,Wallet,2615.98,2033-07-28
3192917514,16617201,2033-07-29,Wallet,53.49,2033-07-29
1256718210,6812439,2033-07-30,UPI,781.08,2033-07-30
6067839426,30317733,2033-07-31,Cash,1268.67,2033-07-31
2254923956,80696046,2033-08-01,Card,2936.78,2033-08-01
7367673526,97144544,2033-08-02,Cash,2679.81,2033-08-02
9467422683,10562528,2033-08-03,UPI,530.85,2033-08-03
819853692,32656885,2033-08-04,Wallet,1540.06,2033-08-04
3070834475,80269328,2033-08-05,Wallet,1382.07,2033-08-05
3620552357,82918668,2033-08-06,Wallet,1889.35,2033-08-06
5938542755,3408982,2033-08-07,Cash,2934.58,2033-08-07
9315535975,70220141,2033-08-08,UPI,1759.05,2033-08-08
3547873471,11478478,2033-08-09,Cash,4304.12,2033-08-09
6546999829,27381533,2033-08-10,Cash,4712.89,2033-08-10
9039495201,25770577,2033-08-11,UPI,1258.39,2033-08-11
99708985,91130614,2033-08-12,Card,2255,2033-08-12
6312811061,51661209,2033-08-13,UPI,1004.9,2033-08-13
3915885220,54580166,2033-08-14,UPI,1377.68,2033-08-14
6654736751,45804389,2033-08-15,Card,3452.86,2033-08-15
841915361,93318833,2033-08-16,UPI,3398.76,2033-08-16
2543233800,46686696,2033-08-17,Wallet,1776.61,2033-08-17
5271947935,1601161,2033-08-18,Wallet,1112.24,2033-08-18
6339554317,17132416,2033-08-19,UPI,3883.05,2033-08-19
1840475676,27971619,2033-08-20,UPI,3010.74,2033-08-20
6812031667,66023110,2033-08-21,Cash,4136.46,2033-08-21
3031698482,75213636,2033-08-22,Wallet,931.61,2033-08-22
7902025520,78725001,2033-08-23,Wallet,670.62,2033-08-23
1969446314,29584848,2033-08-24,UPI,1940.6,2033-08-24
9949497098,8881320,2033-08-25,Card,1651.55,2033-08-25
4572338018,59141605,2033-08-26,Cash,329.79,2033-08-26
2964153358,78725001,2033-08-27,Card,878.8,2033-08-27
7642038633,27709218,2033-08-28,Wallet,511.79,2033-08-28
8208980848,17341194,2033-08-29,UPI,2894.06,2033-08-29
3343789681,20689141,2033-08-30,Wallet,831.1,2033-08-30
9478305481,92409489,2033-08-31,Wallet,1087.04,2033-08-31
3475260976,57291761,2033-09-01,Cash,3819.84,2033-09-01
3665443705,14330483,2033-09-02,UPI,1238.18,2033-09-02
673592541,75213636,2033-09-03,UPI,1684.03,2033-09-03
8074949320,14472401,2033-09-04,Card,1919.79,2033-09-04
8056021378,95558510,2033-09-05,Wallet,778.27,2033-09-05
2331582000,6637282,2033-09-06,UPI,212.14,2033-09-06
5844776722,10038382,2033-09-07,UPI,3806.98,2033-09-07
8426465860,88045094,2033-09-08,Card,5206.71,2033-09-08
9057555029,60446619,2033-09-09,UPI,1623.58,2033-09-09
2210486526,65406127,2033-09-10,Card,141.28,2033-09-10
6421432903,66766629,2033-09-11,UPI,1251.88,2033-09-11
3562901354,5039883,2033-09-12,Cash,1897.97,2033-09-12
8194268842,17929886,2033-09-13,Card,1094.79,2033-09-13
7524467684,22321208,2033-09-14,Cash,2855.29,2033-09-14
1254195766,60399360,2033-09-15,Cash,1601.53,2033-09-15
6476646153,60967677,2033-09-16,UPI,2672.31,2033-09-16
8278568103,28876580,2033-09-17,Wallet,2465.17,2033-09-17
8589621333,38420886,2033-09-18,Cash,3157.69,2033-09-18
8531683720,85747175,2033-09-19,UPI,1705.25,2033-09-19
327291657,67729191,2033-09-20,UPI,1560.19,2033-09-20
6159164139,35690581,2033-09-21,Card,3195.45,2033-09-21
8029863164,50652909,2033-09-22,Cash,2232.88,2033-09-22
9387824629,96989204,2033-09-23,UPI,237.62,2033-09-23
3289836195,18082040,2033-09-24,Wallet,704.19,2033-09-24
5001931575,23380116,2033-09-25,Cash,2224.46,2033-09-25
7258292820,20689141,2033-09-26,Card,3920.14,2033-09-26
4924862857,65294340,2033-09-27,Card,4418.8,2033-09-27
8666314034,21697638,2033-09-28,Wallet,951.9,2033-09-28
6775326324,16379942,2033-09-29,Wallet,1830.15,2033-09-29
6092636899,53025962,2033-09-30,Wallet,237.62,2033-09-30
4115558056,98088303,2033-10-01,Card,1720.72,2033-10-01
2352136184,75289676,2033-10-02,Wallet,3271.34,2033-10-02
1706445141,93370787,2033-10-03,UPI,1856.94,2033-10-03
9000165912,65895091,2033-10-04,Cash,2821.61,2033-10-04
7457305850,76857266,2033-10-05,UPI,3303.03,2033-10-05
9685973820,34281470,2033-10-06,Cash,536.77,2033-10-06
168067196,11071601,2033-10-07,Cash,1398,2033-10-07
6105240201,53299455,2033-10-08,Cash,2915.01,2033-10-08
1888247163,79630614,2033-10-09,UPI,48.55,2033-10-09
7145162326,35459748,2033-10-10,Card,1507.31,2033-10-10
7611231659,78841932,2033-10-11,Card,1641.37,2033-10-11
4508784747,3483295,2033-10-12,Wallet,1596.72,2033-10-12
2567590825,13604883,2033-10-13,UPI,48.55,2033-10-13
9255982861,83867512,2033-10-14,Wallet,2748.87,2033-10-14
4102063254,86067293,2033-10-15,UPI,482.06,2033-10-15
7373931740,49117070,2033-10-16,Card,2925.56,2033-10-16
5682816404,10830043,2033-10-17,UPI,2244.39,2033-10-17
544018743,67310893,2033-10-18,Cash,2878.88,2033-10-18
3292929952,29272253,2033-10-19,UPI,340.66,2033-10-19
9144790321,15808945,2033-10-20,Cash,2605.29,2033-10-20
9075991438,3999964,2033-10-21,Cash,2562.56,2033-10-21
3634813810,32527479,2033-10-22,Wallet,2780.54,2033-10-22
8250406975,9573071,2033-10-23,Wallet,1148.92,2033-10-23
5877618756,80571942,2033-10-24,Cash,3870.08,2033-10-24
2419292139,79916464,2033-10-25,UPI,672.73,2033-10-25
9547123332,66485571,2033-10-26,UPI,3485.53,2033-10-26
6968636396,38902193,2033-10-27,Card,500.05,2033-10-27
5247557644,44410149,2033-10-28,Cash,1631.31,2033-10-28
7731193394,88553721,2033-10-29,Cash,729,2033-10-29
6048321120,24357425,2033-10-30,Card,3163.12,2033-10-30
8494582006,60967677,2033-10-31,UPI,4761.85,2033-10-31
5600781757,67386193,2033-11-01,Card,786.85,2033-11-01
495091707,56457995,2033-11-02,Wallet,2502.47,2033-11-02
3239613823,966247,2033-11-03,Cash,3110.34,2033-11-03
3643352219,97928781,2033-11-04,UPI,3041.05,2033-11-04
2051599638,44409533,2033-11-05,Cash,3392.34,2033-11-05
3514859549,16561710,2033-11-06,UPI,4073.75,2033-11-06
3907599008,31328762,2033-11-07,Cash,3803.76,2033-11-07
1534993603,97507853,2033-11-08,Card,2593.89,2033-11-08
8980701254,1601161,2033-11-09,Card,3330.05,2033-11-09
6695408903,38613642,2033-11-10,Cash,2136.83,2033-11-10
3268455899,4439806,2033-11-11,Wallet,5441.63,2033-11-11
7809161755,12778027,2033-11-12,Cash,1355.75,2033-11-12
8873697539,91384030,2033-11-13,Cash,2292.56,2033-11-13
8603941640,82948843,2033-11-14,Card,3404.01,2033-11-14
8308184279,57658033,2033-11-15,Wallet,2603.11,2033-11-15
7572826287,71252391,2033-11-16,UPI,1305.17,2033-11-16
7478396641,77007315,2033-11-17,Card,1568,2033-11-17
3569283921,53636086,2033-11-18,UPI,2602.63,2033-11-18
9947619677,6398761,2033-11-19,Cash,2743.63,2033-11-19
5396237918,8228843,2033-11-20,Cash,1004.55,2033-11-20
455878765,55733729,2033-11-21,Cash,959.01,2033-11-21
2079195080,85518832,2033-11-22,Wallet,957.68,2033-11-22
6104211214,62816600,2033-11-23,UPI,3536.35,2033-11-23
9442939134,92245432,2033-11-24,UPI,956.67,2033-11-24
3317293496,76917159,2033-11-25,Card,1740.09,2033-11-25
8243326501,31681710,2033-11-26,Cash,317.05,2033-11-26
4109483569,92416428,2033-11-27,Card,3758.7,2033-11-27
5390352336,13462905,2033-11-28,Wallet,176.34,2033-11-28
2581584982,25770577,2033-11-29,UPI,2315.9,2033-11-29
1668737869,69908484,2033-11-30,Wallet,2907.39,2033-11-30
5046906329,65543312,2033-12-01,UPI,1438.16,2033-12-01
2536833157,19067680,2033-12-02,Card,999.83,2033-12-02
9176170352,98444183,2033-12-03,UPI,2360.84,2033-12-03
833930925,9278983,2033-12-04,Card,3217.03,2033-12-04
8515226099,15661901,2033-12-05,UPI,2541.31,2033-12-05
2023020278,44477365,2033-12-06,Card,2301.59,2033-12-06
2840526544,63360864,2033-12-07,Cash,3795.46,2033-12-07
7267422945,49260858,2033-12-08,Wallet,6161.48,2033-12-08
9400777426,86487478,2033-12-09,UPI,1237,2033-12-09
3298603544,74515162,2033-12-10,Card,1394.47,2033-12-10
4479973293,68965787,2033-12-11,Cash,753.28,2033-12-11
356236208,62068277,2033-12-12,Cash,1408.83,2033-12-12
6699845542,22851478,2033-12-13,UPI,22.04,2033-12-13
3106057977,30455484,2033-12-14,Cash,3120.62,2033-12-14
1905367587,93321933,2033-12-15,UPI,3512.23,2033-12-15
169590729,10019218,2033-12-16,Cash,2086.36,2033-12-16
9820743709,81822494,2033-12-17,UPI,4843.24,2033-12-17
6605882211,33544355,2033-12-18,UPI,4248.77,2033-12-18
9517765444,12832151,2033-12-19,Card,764.33,2033-12-19
7766311749,74313592,2033-12-20,Wallet,3345.5,2033-12-20
742238239,10605484,2033-12-21,Cash,2252.95,2033-12-21
3146141485,47625855,2033-12-22,Cash,2812.23,2033-12-22
6633702824,20148223,2033-12-23,Cash,781.08,2033-12-23
5033749011,41164215,2033-12-24,Wallet,3295.74,2033-12-24
4009496217,62416456,2033-12-25,Wallet,2844.19,2033-12-25
4284473821,87251489,2033-12-26,Cash,2082.28,2033-12-26
8860588793,50781611,2033-12-27,Wallet,2052.47,2033-12-27
5305428485,9796585,2033-12-28,Cash,415.75,2033-12-28
676278878,99784559,2033-12-29,Cash,2527.14,2033-12-29
9459854097,40703374,2033-12-30,Card,1682.46,2033-12-30
3895596621,91243571,2033-12-31,Wallet,5579.47,2033-12-31
7750915110,49050014,2034-01-01,Card,2767.47,2034-01-01
5173951989,43990799,2034-01-02,Card,4237.7,2034-01-02
6388954643,80286283,2034-01-03,Card,193.46,2034-01-03
5819387689,49152878,2034-01-04,Wallet,2115.04,2034-01-04
4184037584,68419593,2034-01-05,Card,4028.13,2034-01-05
9525140554,91500615,2034-01-06,Card,2589.99,2034-01-06
1617927874,84993732,2034-01-07,UPI,1025.18,2034-01-07
1543944105,82804543,2034-01-08,Wallet,3442.86,2034-01-08
341580530,45804389,2034-01-09,Cash,986.46,2034-01-09
5133661902,79695653,2034-01-10,Card,870.29,2034-01-10
4557328309,82854537,2034-01-11,Cash,1159.93,2034-01-11
4479421205,3893903,2034-01-12,Cash,923.84,2034-01-12
5740294639,67908555,2034-01-13,Wallet,2270.85,2034-01-13
8114060961,28394354,2034-01-14,Wallet,975.06,2034-01-14
5744553133,60495351,2034-01-15,Card,3112.01,2034-01-15
5029893308,73799927,2034-01-16,UPI,5337.58,2034-01-16
9663384689,89523804,2034-01-17,Cash,1731.34,2034-01-17
7919240958,91614690,2034-01-18,Cash,3551.54,2034-01-18
5211751826,77768189,2034-01-19,Card,6458.9,2034-01-19
8713129069,13189939,2034-01-20,UPI,3830.61,2034-01-20
1407304162,76970363,2034-01-21,Wallet,46.62,2034-01-21
3793875046,17675915,2034-01-22,Wallet,913.2,2034-01-22
4903700958,66866026,2034-01-23,Card,2189.02,2034-01-23
1989547877,60700850,2034-01-24,Card,755.66,2034-01-24
9584857115,25829710,2034-01-25,Card,2825.52,2034-01-25
7236760938,67918495,2034-01-26,Card,1904.83,2034-01-26
4346903287,87463923,2034-01-27,Card,752.3,2034-01-27
6353755071,41972994,2034-01-28,UPI,2335.6,2034-01-28
89194627,37947202,2034-01-29,UPI,2925.55,2034-01-29
544919267,54923640,2034-01-30,Cash,1388.18,2034-01-30
6665075012,19067680,2034-01-31,Cash,2174.62,2034-01-31
4461389660,27513158,2034-02-01,Wallet,3822.25,2034-02-01
8789328634,53332493,2034-02-02,Card,2138.87,2034-02-02
147066568,44149982,2034-02-03,Cash,1180.63,2034-02-03
6712947216,1697604,2034-02-04,Cash,3566.54,2034-02-04
4731158560,29361038,2034-02-05,Card,3876.32,2034-02-05
6228958238,50650215,2034-02-06,Wallet,827.77,2034-02-06
8006440384,20625627,2034-02-07,Card,2636.17,2034-02-07
7330672658,57474553,2034-02-08,Wallet,770.59,2034-02-08
1766200974,60591625,2034-02-09,UPI,906.54,2034-02-09
2878422829,84641682,2034-02-10,Wallet,3560.1,2034-02-10
5862535621,76850859,2034-02-11,Card,2401.81,2034-02-11
3781134163,61320989,2034-02-12,UPI,3121.4,2034-02-12
7835720444,45700473,2034-02-13,Cash,2706.65,2034-02-13
1952343673,68965787,2034-02-14,Cash,4745.09,2034-02-14
9406096007,67092149,2034-02-15,Wallet,5878.14,2034-02-15
1136528533,20956158,2034-02-16,Card,545.49,2034-02-16
9137126466,75752515,2034-02-17,Wallet,4786.91,2034-02-17
1495517558,96373206,2034-02-18,Card,2081.47,2034-02-18
1643011737,32585389,2034-02-19,Cash,2808.92,2034-02-19
4067366774,19482392,2034-02-20,Cash,310.87,2034-02-20
1683118802,92306841,2034-02-21,Cash,2544.79,2034-02-21
5770514189,57340963,2034-02-22,Cash,267.61,2034-02-22
9612669334,49985597,2034-02-23,UPI,4789.72,2034-02-23
3262295808,15487049,2034-02-24,Cash,2766.1,2034-02-24
1593291198,93122847,2034-02-25,Cash,2056.8,2034-02-25
5327721432,13585482,2034-02-26,UPI,299.44,2034-02-26
4879497185,51014003,2034-02-27,Wallet,4723.23,2034-02-27
6883107728,97492493,2034-02-28,Cash,4247.33,2034-02-28
1643246998,90649019,2034-03-01,UPI,1700.52,2034-03-01
913309291,89968482,2034-03-02,UPI,3661.13,2034-03-02
8298829689,64535602,2034-03-03,Card,242.57,2034-03-03
7155488252,12090436,2034-03-04,UPI,834.86,2034-03-04
8316192789,25706121,2034-03-05,Cash,2422.14,2034-03-05
3589756658,17749347,2034-03-06,Wallet,3124.37,2034-03-06
8371900149,99893898,2034-03-07,Card,1602.15,2034-03-07
6659686612,90919603,2034-03-08,Card,4654.27,2034-03-08
2937676500,11202130,2034-03-09,Cash,2018.48,2034-03-09
9908301442,57967753,2034-03-10,Cash,976.13,2034-03-10
3325049330,80761521,2034-03-11,Cash,2830.19,2034-03-11
2330986566,29941225,2034-03-12,Cash,559.88,2034-03-12
1495975802,17390673,2034-03-13,Card,781.15,2034-03-13
4207249029,70529459,2034-03-14,UPI,1839.4,2034-03-14
1150143976,1588560,2034-03-15,Card,3115.75,2034-03-15
8443390148,21577948,2034-03-16,UPI,3484.02,2034-03-16
8358703267,20496835,2034-03-17,Wallet,2532.22,2034-03-17
1608084881,85907588,2034-03-18,UPI,307.23,2034-03-18
2744486953,73891999,2034-03-19,Cash,626.67,2034-03-19
3036885153,4789829,2034-03-20,UPI,3480.03,2034-03-20
7335148205,85435560,2034-03-21,Wallet,5814.13,2034-03-21
2356580295,4597433,2034-03-22,Wallet,3687.29,2034-03-22
8999547266,21697638,2034-03-23,Wallet,478.79,2034-03-23
3094439783,95873651,2034-03-24,Wallet,114.52,2034-03-24
2753579193,2558646,2034-03-25,Card,755.66,2034-03-25
7683077217,22047134,2034-03-26,UPI,870.29,2034-03-26
2366099898,63339001,2034-03-27,UPI,987.51,2034-03-27
1252810532,42102289,2034-03-28,Wallet,2064.17,2034-03-28
6493039553,90150193,2034-03-29,Cash,2955.87,2034-03-29
9274842886,69761993,2034-03-30,UPI,3293.42,2034-03-30
8255275254,46615831,2034-03-31,UPI,3313.64,2034-03-31
2136873695,2391900,2034-04-01,Card,1381.22,2034-04-01
3253225736,61753272,2034-04-02,Cash,3607.82,2034-04-02
7712604853,10608845,2034-04-03,Wallet,2265.63,2034-04-03
5698803942,31813,2034-04-04,UPI,1227.21,2034-04-04
4393804577,69242672,2034-04-05,Card,2410.08,2034-04-05
9307961643,82322028,2034-04-06,Cash,2930.91,2034-04-06
14103943,9105829,2034-04-07,Cash,1538.3,2034-04-07
4183595096,64141971,2034-04-08,Card,1715.44,2034-04-08
9915365099,14367270,2034-04-09,Wallet,2197,2034-04-09
7979108696,63368244,2034-04-10,Cash,3369.12,2034-04-10
8756485728,97466783,2034-04-11,Cash,2861.42,2034-04-11
4859441294,3468355,2034-04-12,UPI,367.08,2034-04-12
8100291984,54885705,2034-04-13,Cash,631.7,2034-04-13
7825714018,56548063,2034-04-14,UPI,3841.27,2034-04-14
1785144322,8025622,2034-04-15,Cash,2161.8,2034-04-15
242240959,64562786,2034-04-16,Cash,1406.3,2034-04-16
3527621284,86636273,2034-04-17,Cash,4854.45,2034-04-17
2254856113,29973346,2034-04-18,Cash,2481.23,2034-04-18
4295420935,97185284,2034-04-19,Wallet,1882.87,2034-04-19
8739415992,55042740,2034-04-20,Wallet,1330.09,2034-04-20
2123879653,43599910,2034-04-21,Cash,941.19,2034-04-21
1054974834,12272282,2034-04-22,Cash,1785.73,2034-04-22
6660596550,48554440,2034-04-23,Wallet,1954.48,2034-04-23
1633238374,26303194,2034-04-24,UPI,539.92,2034-04-24
8133246330,34526570,2034-04-25,Card,758.8,2034-04-25
4696656818,28458746,2034-04-26,Card,2932.44,2034-04-26
7590214417,69240186,2034-04-27,Cash,2315.55,2034-04-27
1736212920,9401406,2034-04-28,Wallet,3377.91,2034-04-28
4507702369,27955158,2034-04-29,Card,3434.25,2034-04-29
6458765046,83348353,2034-04-30,Cash,1535.36,2034-04-30
47953423,96806748,2034-05-01,UPI,2094.28,2034-05-01
1263714922,77086539,2034-05-02,Cash,3523.86,2034-05-02
2061768860,12469338,2034-05-03,Card,925.65,2034-05-03
4264335652,71321741,2034-05-04,UPI,977.67,2034-05-04
3087181728,58513300,2034-05-05,UPI,171.2,2034-05-05
599772156,35358395,2034-05-06,Wallet,1566.3,2034-05-06
6074313668,77614510,2034-05-07,Cash,277.76,2034-05-07
5497551107,41647393,2034-05-08,Wallet,562.89,2034-05-08
9102202025,98896871,2034-05-09,UPI,1559.6,2034-05-09
8794436743,40727086,2034-05-10,Card,4346.56,2034-05-10
3299603042,77614510,2034-05-11,Wallet,3296.49,2034-05-11
243077069,46623192,2034-05-12,UPI,1745.32,2034-05-12
6749594412,16436359,2034-05-13,Cash,3392.98,2034-05-13
5378344982,33658749,2034-05-14,Card,109.03,2034-05-14
9103834515,61851054,2034-05-15,Card,2255,2034-05-15
6237437720,15568831,2034-05-16,Wallet,598.83,2034-05-16
2719670578,95382317,2034-05-17,Wallet,2857.54,2034-05-17
2748681349,84862161,2034-05-18,Card,1846.87,2034-05-18
9851618724,96149069,2034-05-19,Card,3628.23,2034-05-19
7013533376,81500385,2034-05-20,UPI,1242.23,2034-05-20
9727047029,94730288,2034-05-21,Cash,786.85,2034-05-21
1191540022,69863493,2034-05-22,UPI,994.56,2034-05-22
5733572517,5039883,2034-05-23,Cash,1706.96,2034-05-23
9647928644,99406165,2034-05-24,Wallet,612.04,2034-05-24
9696598689,7288562,2034-05-25,Card,130.01,2034-05-25
1091207520,65559853,2034-05-26,Card,4752.89,2034-05-26
7995971909,1342184,2034-05-27,Wallet,3065.9,2034-05-27
6077755741,40055711,2034-05-28,Card,321.28,2034-05-28
1240745644,22915611,2034-05-29,Wallet,2401.54,2034-05-29
1397810713,9314637,2034-05-30,Wallet,2534.35,2034-05-30
5149614189,90150193,2034-05-31,Wallet,923.84,2034-05-31
7453349798,65488134,2034-06-01,UPI,2182.13,2034-06-01
7570986632,45166203,2034-06-02,UPI,3810.34,2034-06-02
5292931220,38327793,2034-06-03,Cash,3112.63,2034-06-03
2654499230,79478655,2034-06-04,Cash,3594,2034-06-04
2327587597,24621386,2034-06-05,Card,2167.31,2034-06-05
5852189277,29653387,2034-06-06,UPI,615.56,2034-06-06
8943211530,14632090,2034-06-07,Card,2867.18,2034-06-07
3305649506,90649019,2034-06-08,Wallet,2556.55,2034-06-08
538997323,13492411,2034-06-09,Cash,456.58,2034-06-09
2966187610,67310893,2034-06-10,Wallet,1334.05,2034-06-10
866693541,14472401,2034-06-11,Cash,1917.12,2034-06-11
440721658,9450435,2034-06-12,Cash,1749.09,2034-06-12
2084323012,11202130,2034-06-13,Wallet,1390.65,2034-06-13
4876314410,37227953,2034-06-14,Card,1735.7,2034-06-14
2401282648,21425168,2034-06-15,Card,483.9,2034-06-15
2117291471,33481252,2034-06-16,Cash,1361.47,2034-06-16
5455295163,46989310,2034-06-17,UPI,2275.16,2034-06-17
3219761206,44589829,2034-06-18,Card,2975.65,2034-06-18
7423918026,84448310,2034-06-19,UPI,2329.61,2034-06-19
1793817443,68661619,2034-06-20,Card,1474.45,2034-06-20
2644609220,97825663,2034-06-21,UPI,2805.47,2034-06-21
1353492780,57765367,2034-06-22,UPI,1205.58,2034-06-22
1230061693,11616535,2034-06-23,Wallet,1633.54,2034-06-23
6299572675,81046421,2034-06-24,Wallet,1114.77,2034-06-24
5956863364,24821281,2034-06-25,Wallet,918.58,2034-06-25
6788884093,2566268,2034-06-26,UPI,2885.2,2034-06-26
6120799223,84377964,2034-06-27,UPI,1441.13,2034-06-27
3892854030,74179536,2034-06-28,Card,3818.13,2034-06-28
1883324334,76327561,2034-06-29,UPI,1762.3,2034-06-29
4541530278,59517074,2034-06-30,Wallet,3075.26,2034-06-30
8807380767,37947202,2034-07-01,Cash,699.62,2034-07-01
5865396281,84119685,2034-07-02,UPI,994.56,2034-07-02
340451825,87691707,2034-07-03,Card,2930.46,2034-07-03
3327784606,61982521,2034-07-04,Cash,234.36,2034-07-04
5990129875,87160527,2034-07-05,UPI,2192.83,2034-07-05
8808930721,59329145,2034-07-06,UPI,2623.19,2034-07-06
8116880443,26752630,2034-07-07,Card,3628.41,2034-07-07
9933926720,96640716,2034-07-08,UPI,1488.67,2034-07-08
776562418,54923640,2034-07-09,Card,1532.9,2034-07-09
6105793582,67538982,2034-07-10,Cash,1897.12,2034-07-10
9247779866,19523014,2034-07-11,Wallet,2452.82,2034-07-11
5456672526,52757321,2034-07-12,Wallet,3534.84,2034-07-12
6676994910,50557979,2034-07-13,Wallet,2181.99,2034-07-13
9353512235,97277696,2034-07-14,Cash,933.3,2034-07-14
6539196955,58974323,2034-07-15,Wallet,1508.88,2034-07-15
7886908865,1529180,2034-07-16,UPI,4319.96,2034-07-16
7548844176,12088552,2034-07-17,Card,1227.14,2034-07-17
3375735380,93735495,2034-07-18,Wallet,3373.41,2034-07-18
32604190,51503088,2034-07-19,Wallet,1169.84,2034-07-19
5731985133,80696046,2034-07-20,UPI,715.72,2034-07-20
7586577278,63360864,2034-07-21,UPI,3704.57,2034-07-21
7765930124,82179338,2034-07-22,Wallet,1921.46,2034-07-22
299059193,26805477,2034-07-23,UPI,1520.7,2034-07-23
135053432,10796846,2034-07-24,Wallet,3330.44,2034-07-24
9618593702,29451600,2034-07-25,Card,3886.48,2034-07-25
2802699236,83262890,2034-07-26,Wallet,576.22,2034-07-26
2044567188,4988545,2034-07-27,Card,3889.03,2034-07-27
913489768,57833505,2034-07-28,Cash,3824.6,2034-07-28
6856986497,3421258,2034-07-29,Cash,223.27,2034-07-29
7292898570,26285589,2034-07-30,Wallet,2532.09,2034-07-30
6223087303,65570302,2034-07-31,Card,447.28,2034-07-31
403352765,4057678,2034-08-01,Wallet,1568.48,2034-08-01
7004560997,81994445,2034-08-02,Cash,1459.57,2034-08-02
8159868515,2558646,2034-08-03,UPI,2797.64,2034-08-03
8854320668,67918495,2034-08-04,UPI,417.39,2034-08-04
2285302205,13251137,2034-08-05,Wallet,4438.92,2034-08-05
5160584867,34897081,2034-08-06,Cash,3140.25,2034-08-06
4314105605,34787383,2034-08-07,Wallet,317.8,2034-08-07
9895756835,10694081,2034-08-08,Card,3821.8,2034-08-08
1975300826,35885052,2034-08-09,Wallet,1685.6,2034-08-09
2214666083,66427343,2034-08-10,Cash,923.09,2034-08-10
4735339432,29653387,2034-08-11,Cash,2630.14,2034-08-11
9863540120,33675108,2034-08-12,Cash,769.21,2034-08-12
8789376461,28394354,2034-08-13,Wallet,1626.99,2034-08-13
4784591220,88923048,2034-08-14,Wallet,3656.06,2034-08-14
6759658833,84377964,2034-08-15,UPI,3420.13,2034-08-15
1241631129,3897936,2034-08-16,UPI,1322.18,2034-08-16
8803314647,93938425,2034-08-17,UPI,1789.57,2034-08-17
1016410657,32830199,2034-08-18,Card,3656.07,2034-08-18
8284240513,949062,2034-08-19,Card,3558.14,2034-08-19
343239069,41439103,2034-08-20,UPI,2655.22,2034-08-20
3941137932,84929351,2034-08-21,Wallet,5473.26,2034-08-21
8955573840,21461764,2034-08-22,Cash,4869.22,2034-08-22
6832435511,62971413,2034-08-23,Cash,2575.94,2034-08-23
3014319697,28428852,2034-08-24,Cash,1822.73,2034-08-24
7367717333,11047835,2034-08-25,Card,2091.23,2034-08-25
9389677233,99714944,2034-08-26,Cash,2143.74,2034-08-26
2929883167,41146001,2034-08-27,UPI,918.58,2034-08-27
9045592834,84119685,2034-08-28,Cash,997.61,2034-08-28
7128308885,76604145,2034-08-29,Cash,2541.96,2034-08-29
2060028411,27694927,2034-08-30,Wallet,1751.84,2034-08-30
3856301920,63339001,2034-08-31,Wallet,796.36,2034-08-31
7248479077,31940833,2034-09-01,UPI,3007.61,2034-09-01
2738466605,49147776,2034-09-02,Card,439.24,2034-09-02
9801353230,96853930,2034-09-03,Wallet,3749.33,2034-09-03
2103613260,67528368,2034-09-04,Card,1031.19,2034-09-04
7624166218,29525287,2034-09-05,UPI,1213.14,2034-09-05
4692680597,97185284,2034-09-06,Card,2789.63,2034-09-06
2028074931,33998721,2034-09-07,Cash,3038.93,2034-09-07
6247819401,57526322,2034-09-08,Cash,3456.8,2034-09-08
6299879620,48160359,2034-09-09,Card,1300.47,2034-09-09
3398014747,87823209,2034-09-10,Cash,2430.88,2034-09-10
4526087670,54923640,2034-09-11,UPI,2304.85,2034-09-11
4473653758,4597433,2034-09-12,Cash,2342.62,2034-09-12
1286821727,32003512,2034-09-13,UPI,2910.9,2034-09-13
5566617391,81822935,2034-09-14,Cash,2195.25,2034-09-14
6630935939,67708491,2034-09-15,UPI,3344.49,2034-09-15
8676443273,47215976,2034-09-16,Wallet,58.59,2034-09-16
439562091,36400756,2034-09-17,Cash,2223.31,2034-09-17
7361440096,82529927,2034-09-18,Card,1068.91,2034-09-18
2480611325,30823988,2034-09-19,Cash,4729.75,2034-09-19
5091640382,64141971,2034-09-20,Card,402.11,2034-09-20
1443292147,8395610,2034-09-21,Wallet,3889.01,2034-09-21
3342653518,6319646,2034-09-22,UPI,577.13,2034-09-22
3836073957,54952806,2034-09-23,Card,1264.91,2034-09-23
4192669219,44589829,2034-09-24,Wallet,1447.55,2034-09-24
6922121165,97928781,2034-09-25,UPI,1513.91,2034-09-25
4850653474,66932104,2034-09-26,UPI,2997.71,2034-09-26
1229660813,54748429,2034-09-27,UPI,5173.19,2034-09-27
5194396051,12338529,2034-09-28,Cash,508,2034-09-28
8971899775,92118758,2034-09-29,Wallet,5067.85,2034-09-29
5619049608,56572297,2034-09-30,Card,3972.23,2034-09-30
9943996342,3282647,2034-10-01,UPI,4252.97,2034-10-01
4548721519,93018527,2034-10-02,Wallet,1816.47,2034-10-02
6211537502,2164524,2034-10-03,Wallet,1427.81,2034-10-03
347093563,31026200,2034-10-04,Card,2614.94,2034-10-04
1855924568,33472376,2034-10-05,Card,3758.71,2034-10-05
5914484553,4378755,2034-10-06,UPI,931.36,2034-10-06
8068903161,11705793,2034-10-07,Wallet,4089.67,2034-10-07
2147159735,50527764,2034-10-08,UPI,1246.63,2034-10-08
9006983686,68063317,2034-10-09,Card,788.36,2034-10-09
7606134274,69034027,2034-10-10,Card,832.06,2034-10-10
4034750827,10019218,2034-10-11,Wallet,1168.59,2034-10-11
851062565,49457685,2034-10-12,Cash,3773.85,2034-10-12
4283323746,93321933,2034-10-13,Wallet,2824.79,2034-10-13
7842390585,6637282,2034-10-14,Wallet,2820.47,2034-10-14
2449548943,68486301,2034-10-15,Wallet,1635.94,2034-10-15
7067924535,95371787,2034-10-16,Cash,422.14,2034-10-16
1602291242,19581959,2034-10-17,Wallet,2648.42,2034-10-17
7067630786,75082508,2034-10-18,Card,2467.57,2034-10-18
9726762425,75674671,2034-10-19,Wallet,4041.64,2034-10-19
1129887168,21201299,2034-10-20,Wallet,1818.6,2034-10-20
3371892236,81763298,2034-10-21,Wallet,2101.11,2034-10-21
6532953824,93924203,2034-10-22,Cash,3946.2,2034-10-22
252964377,89531595,2034-10-23,Cash,1197.31,2034-10-23
6270495384,12272282,2034-10-24,Cash,878.07,2034-10-24
2450770184,45323391,2034-10-25,Wallet,3428.44,2034-10-25
7543192113,82898985,2034-10-26,Cash,4768.12,2034-10-26
9890817032,12967305,2034-10-27,Card,582.87,2034-10-27
183165359,73098723,2034-10-28,Wallet,90.56,2034-10-28
2136907826,7591711,2034-10-29,Wallet,887.78,2034-10-29
2801605687,16561710,2034-10-30,Card,1956.01,2034-10-30
8869292457,12851610,2034-10-31,Card,2971.17,2034-10-31
5414471648,46741896,2034-11-01,Card,3156.76,2034-11-01
7827370415,97770901,2034-11-02,Wallet,576.7,2034-11-02
7216662926,76327561,2034-11-03,Cash,123.74,2034-11-03
349410429,42514124,2034-11-04,Wallet,255.6,2034-11-04
8512030806,77768189,2034-11-05,Card,2772.71,2034-11-05
8003807551,76917159,2034-11-06,Cash,4583.02,2034-11-06
274320517,18567760,2034-11-07,Wallet,1654.66,2034-11-07
2150447285,93370787,2034-11-08,UPI,1299.62,2034-11-08
5089385450,33608451,2034-11-09,UPI,3352.28,2034-11-09
8622799862,5386246,2034-11-10,Card,2724.25,2034-11-10
2773034272,36400756,2034-11-11,Wallet,2309.25,2034-11-11
4028266143,19216141,2034-11-12,Card,616.45,2034-11-12
9691888826,54680459,2034-11-13,Card,1075.43,2034-11-13
8891340263,87718744,2034-11-14,Wallet,3612.45,2034-11-14
1149293318,43459807,2034-11-15,UPI,123.74,2034-11-15
1288695184,46885873,2034-11-16,Wallet,984.35,2034-11-16
5229336544,72857290,2034-11-17,Wallet,1017.1,2034-11-17
196885435,88045094,2034-11-18,Wallet,96.09,2034-11-18
6961457996,89704218,2034-11-19,UPI,3243.74,2034-11-19
5059907679,65963876,2034-11-20,Card,4049.8,2034-11-20
9046226901,38728779,2034-11-21,UPI,486.28,2034-11-21
515408216,3408982,2034-11-22,UPI,1665.29,2034-11-22
9048597167,75510747,2034-11-23,Wallet,2379.23,2034-11-23
4308216668,6335221,2034-11-24,UPI,3751.75,2034-11-24
8671875127,13383642,2034-11-25,Wallet,2445.48,2034-11-25
9622968817,96042320,2034-11-26,Card,2846.85,2034-11-26
7832599414,18889370,2034-11-27,UPI,2986.47,2034-11-27
5533307028,21577948,2034-11-28,UPI,5567.15,2034-11-28
752185231,24633671,2034-11-29,Wallet,1091.67,2034-11-29
5859787209,8628482,2034-11-30,Cash,2601.55,2034-11-30
1736713150,46741896,2034-12-01,Cash,730.32,2034-12-01
3620570172,25829710,2034-12-02,Card,422.87,2034-12-02
5758119413,22694456,2034-12-03,Wallet,2017.51,2034-12-03
2204489775,79257353,2034-12-04,Card,2799.27,2034-12-04
5881059783,2219590,2034-12-05,Cash,1432.73,2034-12-05
9475167773,48418662,2034-12-06,Cash,2224.47,2034-12-06
4635228647,6459100,2034-12-07,UPI,1218.98,2034-12-07
8394536341,6459100,2034-12-08,Cash,949.73,2034-12-08
4726427550,93699264,2034-12-09,Card,891.6,2034-12-09
5387935727,22694456,2034-12-10,UPI,1457.05,2034-12-10
1886705751,73393269,2034-12-11,Wallet,878.07,2034-12-11
4224014067,85218071,2034-12-12,Cash,3274.45,2034-12-12
8726515908,82900175,2034-12-13,Wallet,3941.32,2034-12-13
7388091459,10562528,2034-12-14,Card,5228.36,2034-12-14
9320256091,32595806,2034-12-15,Card,1628.06,2034-12-15
3872093894,67729191,2034-12-16,Cash,267.18,2034-12-16
992848455,44269569,2034-12-17,Card,2749.56,2034-12-17
4458723519,38902882,2034-12-18,Wallet,2217.71,2034-12-18
7755662096,10700664,2034-12-19,Cash,1963.69,2034-12-19
5779793224,95971469,2034-12-20,Card,2121.4,2034-12-20
8253576531,57063557,2034-12-21,Cash,1686.55,2034-12-21
4993169316,90649019,2034-12-22,Cash,3585.38,2034-12-22
828017545,12622901,2034-12-23,UPI,1197.51,2034-12-23
2012368621,71252391,2034-12-24,Card,1328.97,2034-12-24
6603205997,37702698,2034-12-25,Card,4193.2,2034-12-25
833581472,31026200,2034-12-26,UPI,1495.9,2034-12-26
8755782101,50557979,2034-12-27,Cash,424.58,2034-12-27
1049830215,44828791,2034-12-28,Wallet,1177.01,2034-12-28
2399383238,79789048,2034-12-29,UPI,3759.65,2034-12-29
143399998,46686696,2034-12-30,UPI,481.63,2034-12-30
2444273306,32003512,2034-12-31,UPI,2023.82,2034-12-31
1309618968,91228580,2035-01-01,Cash,3211.74,2035-01-01
3972788794,67708491,2035-01-02,Wallet,1274.33,2035-01-02
2356073413,29902416,2035-01-03,Card,2690.61,2035-01-03
3775683944,57217288,2035-01-04,UPI,3297.69,2035-01-04
8994776653,3002538,2035-01-05,UPI,2384.45,2035-01-05
8124075720,46741896,2035-01-06,Wallet,1077.91,2035-01-06
5534171862,97664747,2035-01-07,UPI,4216.87,2035-01-07
4825558658,41008070,2035-01-08,Wallet,1446.36,2035-01-08
1541676341,73660582,2035-01-09,Cash,638.39,2035-01-09
5360755658,68341636,2035-01-10,Cash,4391.02,2035-01-10
844328418,29584848,2035-01-11,Card,2429.88,2035-01-11
1843468816,55425478,2035-01-12,Cash,2092.13,2035-01-12
3771484570,60319216,2035-01-13,UPI,2809.06,2035-01-13
2458783424,1497747,2035-01-14,Card,1072.62,2035-01-14
2272849018,6982488,2035-01-15,UPI,1797.17,2035-01-15
8549503132,63238941,2035-01-16,Cash,1824.21,2035-01-16
4032847942,10857389,2035-01-17,Wallet,169.88,2035-01-17
8224665612,27727819,2035-01-18,Wallet,3720,2035-01-18
8007222259,31940833,2035-01-19,Card,2700.94,2035-01-19
3522030676,46313756,2035-01-20,Wallet,604.87,2035-01-20
3224743071,17805991,2035-01-21,Cash,2374.92,2035-01-21
7474790671,43256928,2035-01-22,Cash,4457.7,2035-01-22
7884745950,13585482,2035-01-23,Cash,2356.29,2035-01-23
8269502930,11616535,2035-01-24,UPI,826.21,2035-01-24
985347383,50080663,2035-01-25,UPI,4860.53,2035-01-25
5932091553,80571942,2035-01-26,Card,1269.18,2035-01-26
69932727,83236183,2035-01-27,Wallet,2192.28,2035-01-27
2715027145,26903313,2035-01-28,Cash,1301.38,2035-01-28
5234261944,18113428,2035-01-29,Wallet,3315.64,2035-01-29
2818967815,74212242,2035-01-30,Cash,1612.04,2035-01-30
1598213217,37947202,2035-01-31,Wallet,4755.76,2035-01-31
9087747856,31681710,2035-02-01,Cash,530.85,2035-02-01
9606925547,45659330,2035-02-02,UPI,1293.2,2035-02-02
9866554851,63793401,2035-02-03,Wallet,3641.7,2035-02-03
3719294769,64316806,2035-02-04,UPI,951.43,2035-02-04
3576529840,13383642,2035-02-05,UPI,1697.53,2035-02-05
5478986113,72089140,2035-02-06,UPI,4538.48,2035-02-06
6724582316,14991661,2035-02-07,Card,22.14,2035-02-07
4391559649,60904312,2035-02-08,Wallet,2595.1,2035-02-08
9530258400,84850688,2035-02-09,UPI,3087.68,2035-02-09
609162117,85233498,2035-02-10,Cash,3723.26,2035-02-10
755143077,6856445,2035-02-11,Cash,3152.22,2035-02-11
5239439928,67908555,2035-02-12,Card,3988.72,2035-02-12
1328248068,51556553,2035-02-13,Cash,1817.16,2035-02-13
1440606577,76917159,2035-02-14,Wallet,2092.55,2035-02-14
8884389971,95858939,2035-02-15,UPI,1889.4,2035-02-15
7307977336,95858939,2035-02-16,Cash,939.2,2035-02-16
5953535252,79630614,2035-02-17,UPI,1693.84,2035-02-17
6133025410,6061349,2035-02-18,Cash,3478.04,2035-02-18
798088726,89699655,2035-02-19,Cash,3022.46,2035-02-19
3372412988,89036169,2035-02-20,UPI,3759.52,2035-02-20
4910060567,24323106,2035-02-21,UPI,3151.21,2035-02-21
8708211566,38420886,2035-02-22,Cash,2544.23,2035-02-22
2126853184,92509376,2035-02-23,Cash,2444.79,2035-02-23
4390795259,66932104,2035-02-24,UPI,923.84,2035-02-24
9030686359,5961261,2035-02-25,Card,2386.48,2035-02-25
8565611606,85854265,2035-02-26,Card,1156.45,2035-02-26
6782020758,23380116,2035-02-27,Cash,1979.99,2035-02-27
561884159,84066402,2035-02-28,Wallet,3232.78,2035-02-28
2767430579,16424635,2035-03-01,Wallet,2819.8,2035-03-01
5934372451,56441247,2035-03-02,Cash,3355.51,2035-03-02
6833977302,97475543,2035-03-03,Wallet,2495.74,2035-03-03
8396649871,2517955,2035-03-04,UPI,950.6,2035-03-04
1937188757,57392064,2035-03-05,Cash,3936.8,2035-03-05
3142198801,49152878,2035-03-06,Wallet,1409.38,2035-03-06
6087109745,84824280,2035-03-07,Cash,2201.69,2035-03-07
8895262247,191616,2035-03-08,Card,1664.01,2035-03-08
5138524153,7522036,2035-03-09,Card,845,2035-03-09
9789995549,34567918,2035-03-10,Cash,2653.75,2035-03-10
7485459856,89784343,2035-03-11,UPI,1163.04,2035-03-11
4033626537,66943324,2035-03-12,UPI,1379.99,2035-03-12
9370915142,95372766,2035-03-13,Card,1849.29,2035-03-13
7211325894,70976153,2035-03-14,Card,2956.03,2035-03-14
3482827003,77869660,2035-03-15,Wallet,3749.87,2035-03-15
6656246719,19180962,2035-03-16,Wallet,885.08,2035-03-16
6092663288,51341672,2035-03-17,Cash,4680.35,2035-03-17
9346041594,77559557,2035-03-18,Cash,3936.68,2035-03-18
9105127475,87213891,2035-03-19,Card,4110.56,2035-03-19
6120818381,34768050,2035-03-20,UPI,3091.49,2035-03-20
5174370629,31156674,2035-03-21,Card,729.87,2035-03-21
3244930036,67386193,2035-03-22,Cash,2457.44,2035-03-22
2976493998,820740,2035-03-23,Card,2716.3,2035-03-23
7971593791,92209869,2035-03-24,Wallet,2048.91,2035-03-24
4052544342,58214883,2035-03-25,Cash,987.59,2035-03-25
6264003424,26863280,2035-03-26,UPI,517.03,2035-03-26
3436107152,64141971,2035-03-27,UPI,3112.14,2035-03-27
8546631319,10541231,2035-03-28,Wallet,327.07,2035-03-28
640960551,34237583,2035-03-29,Cash,3018.53,2035-03-29
1141173434,5961261,2035-03-30,Wallet,77.11,2035-03-30
528309380,52409516,2035-03-31,Wallet,2021.54,2035-03-31
2387509904,63310076,2035-04-01,Card,4019.23,2035-04-01
6791931269,38133873,2035-04-02,Wallet,329.79,2035-04-02
4063689432,6025470,2035-04-03,Cash,4593.42,2035-04-03
1206887762,59909004,2035-04-04,Wallet,1620.95,2035-04-04
6409437174,3399251,2035-04-05,Wallet,1348.39,2035-04-05
1355164713,28995786,2035-04-06,Card,2054.43,2035-04-06
2604772138,15144290,2035-04-07,Cash,1515.64,2035-04-07
5868093790,61618079,2035-04-08,Card,443.03,2035-04-08
10161194,63238941,2035-04-09,Card,3827.54,2035-04-09
8930380639,98540377,2035-04-10,UPI,556.35,2035-04-10
2247940574,11202130,2035-04-11,Card,2397.73,2035-04-11
6190907327,64151769,2035-04-12,Card,1891.03,2035-04-12
127277515,35455991,2035-04-13,Card,2838.48,2035-04-13
8209093135,2558646,2035-04-14,Card,481.63,2035-04-14
4419380079,1989720,2035-04-15,Cash,3278.3,2035-04-15
2954606845,14294171,2035-04-16,Wallet,995.56,2035-04-16
5128739359,57081917,2035-04-17,Cash,730.51,2035-04-17
8183315245,80499378,2035-04-18,UPI,825.46,2035-04-18
8820606892,8395343,2035-04-19,Cash,2635.56,2035-04-19
7779228340,8395343,2035-04-20,Cash,545.49,2035-04-20
8459230018,50899600,2035-04-21,UPI,4124.32,2035-04-21
7060468800,83867512,2035-04-22,Wallet,2192.05,2035-04-22
218821567,95428692,2035-04-23,Cash,1711.15,2035-04-23
7795766861,79135318,2035-04-24,Wallet,3024.18,2035-04-24
4285804383,23755474,2035-04-25,Card,479.64,2035-04-25
5961051248,20834589,2035-04-26,Cash,3502.35,2035-04-26
5630323534,98218863,2035-04-27,Cash,1450.75,2035-04-27
4642824835,76327561,2035-04-28,Cash,4721.64,2035-04-28
3060527554,75213636,2035-04-29,UPI,1143.28,2035-04-29
4048252396,75213636,2035-04-30,Wallet,2437.04,2035-04-30
1271431612,18082040,2035-05-01,Cash,2167.1,2035-05-01
8981940261,31537100,2035-05-02,Cash,3097.06,2035-05-02
3896239510,90856813,2035-05-03,Card,2011.56,2035-05-03
711316410,25587553,2035-05-04,Cash,2027.04,2035-05-04
9863502398,31619915,2035-05-05,Card,1379.82,2035-05-05
293770293,45066676,2035-05-06,UPI,1019.25,2035-05-06
890800429,95594611,2035-05-07,Cash,2490.28,2035-05-07
1270503169,8791577,2035-05-08,Wallet,3836.35,2035-05-08
168180571,89910157,2035-05-09,Cash,563.45,2035-05-09
111296281,28413467,2035-05-10,UPI,4414.19,2035-05-10
7329085364,53392567,2035-05-11,Wallet,332.84,2035-05-11
1129130498,62243869,2035-05-12,Card,2623.48,2035-05-12
996939836,23794330,2035-05-13,UPI,3269.43,2035-05-13
8263379807,14479168,2035-05-14,UPI,3179.87,2035-05-14
5735975899,83304571,2035-05-15,Card,2199.37,2035-05-15
9651034668,70615775,2035-05-16,Cash,2603.33,2035-05-16
3103539793,75244116,2035-05-17,Cash,2514.37,2035-05-17
1611921781,48776805,2035-05-18,Card,2698.66,2035-05-18
7532381028,73392739,2035-05-19,Cash,3637.95,2035-05-19
7803665404,63571453,2035-05-20,UPI,2423.07,2035-05-20
466184886,40277444,2035-05-21,Card,2154.04,2035-05-21
4692518050,46989310,2035-05-22,Card,2176.24,2035-05-22
9408428,31456752,2035-05-23,UPI,1911.86,2035-05-23
8766330526,85907588,2035-05-24,Cash,1580.27,2035-05-24
9221423039,42208242,2035-05-25,Wallet,1574.23,2035-05-25
4268661538,22694456,2035-05-26,Cash,5136.72,2035-05-26
1378809665,52409516,2035-05-27,Wallet,3370.17,2035-05-27
4917941248,83701325,2035-05-28,Cash,3135.65,2035-05-28
5132792285,19080489,2035-05-29,Wallet,2858.4,2035-05-29
3776678112,34655710,2035-05-30,Cash,2429.82,2035-05-30
6940411801,59009727,2035-05-31,UPI,1888.04,2035-05-31
7422521525,92509376,2035-06-01,Card,643.87,2035-06-01
4419022028,23961725,2035-06-02,UPI,3804.98,2035-06-02
8016651984,90745023,2035-06-03,Card,651.93,2035-06-03
2361722422,89412038,2035-06-04,Wallet,3755.33,2035-06-04
1001453982,34668988,2035-06-05,Cash,2774.06,2035-06-05
9093918346,74038361,2035-06-06,UPI,3918.67,2035-06-06
3969014433,61982521,2035-06-07,UPI,2747.35,2035-06-07
9684561720,61121421,2035-06-08,Cash,1514.4,2035-06-08
7031115362,27878182,2035-06-09,UPI,2998.51,2035-06-09
8204766849,76020843,2035-06-10,Card,3350.53,2035-06-10
2785412612,60210778,2035-06-11,Card,1439.58,2035-06-11
2624138741,31718565,2035-06-12,Cash,1112.82,2035-06-12
748376248,66766629,2035-06-13,Cash,2422.16,2035-06-13
6096787440,25128143,2035-06-14,Card,2294.77,2035-06-14
8787660233,90586029,2035-06-15,Card,1435.29,2035-06-15
3845481278,63870636,2035-06-16,Card,3988.77,2035-06-16
4636134267,57642258,2035-06-17,Card,223.27,2035-06-17
4538825340,45700739,2035-06-18,Cash,4269.5,2035-06-18
4553101047,39301587,2035-06-19,Wallet,236.51,2035-06-19
2193853405,42208242,2035-06-20,UPI,657.71,2035-06-20
1642059453,7378768,2035-06-21,Card,1277.62,2035-06-21
5890339330,2188994,2035-06-22,Wallet,3750.59,2035-06-22
313663478,6959437,2035-06-23,Wallet,1184.42,2035-06-23
8591576320,79916464,2035-06-24,UPI,3993.97,2035-06-24
4728104591,31389750,2035-06-25,Wallet,650.2,2035-06-25
8276401643,88252625,2035-06-26,Card,4724.31,2035-06-26
8709694061,6724509,2035-06-27,UPI,114.52,2035-06-27
4080156881,97770901,2035-06-28,Cash,950.39,2035-06-28
7485829116,49050014,2035-06-29,Card,3895.28,2035-06-29
7378865582,30643619,2035-06-30,Card,340.66,2035-06-30
335575667,32929817,2035-07-01,Card,3048.86,2035-07-01
1621109077,87450286,2035-07-02,Card,4969.83,2035-07-02
7468088555,21697638,2035-07-03,Cash,2410.07,2035-07-03
3676517886,57505804,2035-07-04,Wallet,582.03,2035-07-04
1746921111,56604077,2035-07-05,Card,2466.28,2035-07-05
7774691391,42514124,2035-07-06,Cash,1545.97,2035-07-06
8220678247,63858550,2035-07-07,Cash,2089.26,2035-07-07
6048604080,98218863,2035-07-08,Cash,5820.25,2035-07-08
8545716586,98540377,2035-07-09,Wallet,1454.01,2035-07-09
530870056,39140039,2035-07-10,UPI,2788.5,2035-07-10
4055690435,15568831,2035-07-11,Cash,3571.53,2035-07-11
7096530350,97411107,2035-07-12,Card,2474.92,2035-07-12
7083649345,75464725,2035-07-13,Wallet,3009.87,2035-07-13
836457367,2365348,2035-07-14,Wallet,4789.73,2035-07-14
7698126312,1705969,2035-07-15,UPI,2404.95,2035-07-15
2267297760,5754255,2035-07-16,Cash,1895.47,2035-07-16
1717841423,87954926,2035-07-17,Wallet,2393.48,2035-07-17
4330597536,40563029,2035-07-18,Wallet,1494.23,2035-07-18
3687593721,61121421,2035-07-19,Wallet,3344.72,2035-07-19
6660740926,119099,2035-07-20,Card,2771.28,2035-07-20
9439713009,4439806,2035-07-21,UPI,1804.06,2035-07-21
5281121057,67908555,2035-07-22,Cash,2207.49,2035-07-22
7044351561,91024604,2035-07-23,Card,4069.86,2035-07-23
9121393476,57896058,2035-07-24,UPI,1583.71,2035-07-24
7202170939,50518311,2035-07-25,Cash,1105.29,2035-07-25
1429047127,18465047,2035-07-26,Card,4708.07,2035-07-26
8551965787,8383197,2035-07-27,Wallet,3864.44,2035-07-27
6756882357,83155219,2035-07-28,UPI,654.31,2035-07-28
618929241,53624677,2035-07-29,UPI,2348.09,2035-07-29
9711157887,46615831,2035-07-30,Wallet,2577.15,2035-07-30
354149805,41164215,2035-07-31,Cash,1274.62,2035-07-31
231328814,25287111,2035-08-01,Wallet,2506.93,2035-08-01
523916986,66761643,2035-08-02,Cash,1152.87,2035-08-02
1930887811,12302179,2035-08-03,UPI,1497.01,2035-08-03
9958741781,95971469,2035-08-04,Wallet,2439.42,2035-08-04
6727230123,26303194,2035-08-05,Cash,1806.96,2035-08-05
9487368442,50899600,2035-08-06,Card,1725.5,2035-08-06
671459763,50630016,2035-08-07,Cash,1249.31,2035-08-07
9129957352,95971469,2035-08-08,UPI,2166.2,2035-08-08
9206073690,19425804,2035-08-09,UPI,1452.39,2035-08-09
5587148302,32635818,2035-08-10,Cash,2028.78,2035-08-10
6936256414,72263318,2035-08-11,UPI,2331.06,2035-08-11
3341228576,91196901,2035-08-12,Wallet,3724.8,2035-08-12
4817323453,75028268,2035-08-13,Cash,340.36,2035-08-13
1163454835,50392139,2035-08-14,UPI,1711.61,2035-08-14
5236061455,48158494,2035-08-15,Cash,2844.94,2035-08-15
5982829268,90038364,2035-08-16,Cash,2923.98,2035-08-16
1901688056,16780752,2035-08-17,Card,2814.99,2035-08-17
5936051107,83304462,2035-08-18,Wallet,939.55,2035-08-18
3018272105,18465047,2035-08-19,UPI,4236.91,2035-08-19
3656191983,59252433,2035-08-20,Card,3775.69,2035-08-20
5186692805,97678578,2035-08-21,Card,4981.07,2035-08-21
7281243151,13581527,2035-08-22,Wallet,957.5,2035-08-22
7906004940,65963876,2035-08-23,Wallet,3488.88,2035-08-23
6354703603,63310076,2035-08-24,Wallet,2980.62,2035-08-24
6444064733,80571942,2035-08-25,Wallet,3213.89,2035-08-25
2405783093,36428139,2035-08-26,UPI,2246.93,2035-08-26
63363146,16410155,2035-08-27,Cash,4207.71,2035-08-27
7040313500,90298394,2035-08-28,Wallet,1102.72,2035-08-28
5844807259,45477575,2035-08-29,Cash,4355.46,2035-08-29
1931703221,62917794,2035-08-30,Card,1332.43,2035-08-30
3525336030,89998489,2035-08-31,Cash,329.79,2035-08-31
4359807852,81136091,2035-09-01,Cash,4759.44,2035-09-01
6946959356,13963450,2035-09-02,Wallet,2630.12,2035-09-02
782338627,73639935,2035-09-03,Wallet,4244.83,2035-09-03
4942714391,25294147,2035-09-04,Card,3427.02,2035-09-04
919307194,11928321,2035-09-05,Wallet,2747.59,2035-09-05
6509263423,29324437,2035-09-06,Cash,3930.1,2035-09-06
7200105089,24845814,2035-09-07,UPI,1613.85,2035-09-07
7120372196,40727086,2035-09-08,Card,1887.36,2035-09-08
8710393245,32564478,2035-09-09,Wallet,3025.16,2035-09-09
8862036450,7228206,2035-09-10,UPI,1764.64,2035-09-10
2087769338,8536503,2035-09-11,Cash,764.33,2035-09-11
3349267712,85354059,2035-09-12,Cash,230.58,2035-09-12
1689937124,21701991,2035-09-13,Wallet,576.22,2035-09-13
4498769995,84275450,2035-09-14,Card,786.85,2035-09-14
3729771871,79592021,2035-09-15,UPI,3905.34,2035-09-15
9065518834,61877649,2035-09-16,Card,3395.29,2035-09-16
7524465290,22851478,2035-09-17,Card,4089.6,2035-09-17
2319921666,97150234,2035-09-18,Card,3204.57,2035-09-18
9541612277,5001749,2035-09-19,Card,2185.97,2035-09-19
6303548068,31846190,2035-09-20,Card,939.55,2035-09-20
5867651793,64197854,2035-09-21,Wallet,2984.43,2035-09-21
6405947025,19375332,2035-09-22,Cash,1756.09,2035-09-22
2150790907,12655794,2035-09-23,Card,217.5,2035-09-23
212856641,51994597,2035-09-24,Cash,949.73,2035-09-24
1686508921,47215976,2035-09-25,Wallet,769.24,2035-09-25
5879579208,41261495,2035-09-26,Wallet,983.81,2035-09-26
1882682579,44050697,2035-09-27,Wallet,2560.66,2035-09-27
8370410622,10663246,2035-09-28,Cash,1989.47,2035-09-28
368599691,44030130,2035-09-29,Wallet,3753,2035-09-29
9282982332,97873848,2035-09-30,Card,3359.77,2035-09-30
4874880100,67271824,2035-10-01,UPI,1619.89,2035-10-01
102639985,40392019,2035-10-02,Wallet,3686.28,2035-10-02
5288207551,53299455,2035-10-03,Wallet,3228.77,2035-10-03
693932743,57658033,2035-10-04,Card,1378.36,2035-10-04
2325405669,20834589,2035-10-05,Card,1432.06,2035-10-05
8152364696,90665975,2035-10-06,Wallet,5047.96,2035-10-06
7682359398,36833857,2035-10-07,Cash,1168.41,2035-10-07
1742951029,95371787,2035-10-08,Cash,4766.38,2035-10-08
4799787645,71905368,2035-10-09,Wallet,1025.06,2035-10-09
8498666384,37556526,2035-10-10,Cash,630.84,2035-10-10
5013572642,73363613,2035-10-11,Card,1812.54,2035-10-11
8403006958,59398136,2035-10-12,UPI,1272.55,2035-10-12
4688831157,13071673,2035-10-13,UPI,2824.26,2035-10-13
394578210,88067569,2035-10-14,Card,1706.05,2035-10-14
8681711802,36833857,2035-10-15,UPI,3724.44,2035-10-15
9311399064,20238921,2035-10-16,Wallet,720.95,2035-10-16
2620581496,63092485,2035-10-17,Wallet,2457.47,2035-10-17
5116898322,73377004,2035-10-18,UPI,1385.25,2035-10-18
5995819849,34787383,2035-10-19,Wallet,2030.88,2035-10-19
7690500286,35349582,2035-10-20,Wallet,3224.92,2035-10-20
6107283203,87444738,2035-10-21,Card,1173,2035-10-21
3170417508,85561151,2035-10-22,Cash,1432.65,2035-10-22
805682701,33481252,2035-10-23,UPI,2637.15,2035-10-23
8960508625,20163931,2035-10-24,Cash,1058,2035-10-24
5580397726,62243869,2035-10-25,Cash,37.8,2035-10-25
1506599381,77345018,2035-10-26,Cash,465.38,2035-10-26
8424478165,27416314,2035-10-27,Cash,230.58,2035-10-27
6083333956,45028365,2035-10-28,Wallet,3002.02,2035-10-28
9611327860,6335221,2035-10-29,Cash,4410.34,2035-10-29
9539444766,97873848,2035-10-30,Wallet,870.29,2035-10-30
756168939,54923640,2035-10-31,Cash,3321.94,2035-10-31
7762624518,22738465,2035-11-01,Card,2301.05,2035-11-01
3681781563,4940671,2035-11-02,Wallet,3471.7,2035-11-02
1571085226,78961097,2035-11-03,Cash,4040.38,2035-11-03
4244306883,2584499,2035-11-04,Card,893.81,2035-11-04
7333141591,69415494,2035-11-05,Wallet,1042.3,2035-11-05
1199945706,70867736,2035-11-06,UPI,1712.9,2035-11-06
5895644119,1603358,2035-11-07,Wallet,1742.44,2035-11-07
7112919210,55693909,2035-11-08,Card,3921.9,2035-11-08
8315937318,64497538,2035-11-09,Card,2187.85,2035-11-09
5331800057,65488134,2035-11-10,Wallet,4003.82,2035-11-10
5989265505,62742797,2035-11-11,Card,3673.81,2035-11-11
7906361274,96795047,2035-11-12,Cash,4228.99,2035-11-12
6312476146,35988028,2035-11-13,Card,1867.01,2035-11-13
9436272631,44410149,2035-11-14,Wallet,2112.07,2035-11-14
8289791792,61516967,2035-11-15,Card,326.42,2035-11-15
7659532788,22112867,2035-11-16,Card,3157.69,2035-11-16
1498157233,19180962,2035-11-17,Card,1659.86,2035-11-17
8560951754,954629,2035-11-18,Card,44.35,2035-11-18
8764192824,64823226,2035-11-19,Wallet,2704.64,2035-11-19
1900542981,11254582,2035-11-20,Card,2332.14,2035-11-20
9445683691,41878908,2035-11-21,UPI,2342.04,2035-11-21
7719808335,48358028,2035-11-22,Wallet,4406.7,2035-11-22
4865644960,50484778,2035-11-23,Wallet,866.17,2035-11-23
6518276143,70965437,2035-11-24,Cash,5253.79,2035-11-24
2211459584,73869823,2035-11-25,Card,1116.17,2035-11-25
6811633572,7728406,2035-11-26,Cash,88.43,2035-11-26
1821573240,32019725,2035-11-27,Card,3338.08,2035-11-27
8848227434,12988801,2035-11-28,Cash,552.2,2035-11-28
7812276711,67465084,2035-11-29,Cash,1649.13,2035-11-29
939966106,42012717,2035-11-30,UPI,3461.4,2035-11-30
4099108156,24144240,2035-12-01,Card,4435.45,2035-12-01
5684182622,29095552,2035-12-02,UPI,1591.23,2035-12-02
4916740946,69240186,2035-12-03,UPI,1835.2,2035-12-03
9732307600,81757554,2035-12-04,Wallet,3988.7,2035-12-04
9280329883,60904312,2035-12-05,UPI,2447.91,2035-12-05
4284285927,92843141,2035-12-06,UPI,4371.79,2035-12-06
8701796,14479168,2035-12-07,Cash,215.65,2035-12-07
6834734512,40727086,2035-12-08,UPI,738.46,2035-12-08
7127377458,99406165,2035-12-09,Wallet,1540.67,2035-12-09
4754481356,84161531,2035-12-10,Card,2891.12,2035-12-10
4726007482,93924203,2035-12-11,Cash,874.78,2035-12-11
2320560482,27709218,2035-12-12,Card,1435.56,2035-12-12
1456550348,39674723,2035-12-13,UPI,1980.75,2035-12-13
5370744569,61522288,2035-12-14,Cash,2393.81,2035-12-14
5819887962,49433260,2035-12-15,Wallet,4570.58,2035-12-15
1929465827,19556566,2035-12-16,UPI,4702.15,2035-12-16
9430139302,59329145,2035-12-17,UPI,2829.63,2035-12-17
3632715912,66135710,2035-12-18,UPI,1892.3,2035-12-18
3356214803,66655397,2035-12-19,Wallet,4359.64,2035-12-19
2277864850,73377004,2035-12-20,Cash,2054.4,2035-12-20
1754472592,33331259,2035-12-21,Card,4183.35,2035-12-21
1833208408,49881540,2035-12-22,Cash,236.51,2035-12-22
6567954047,21809858,2035-12-23,Cash,83.18,2035-12-23
9409585531,2414265,2035-12-24,Wallet,3092.14,2035-12-24
731371161,57566548,2035-12-25,Wallet,465.24,2035-12-25
7863496069,63802820,2035-12-26,Card,3103.01,2035-12-26
9043955242,92123198,2035-12-27,Cash,2903.44,2035-12-27
8257564936,15897933,2035-12-28,Card,154.5,2035-12-28
7487631571,77397957,2035-12-29,Cash,2778.63,2035-12-29
4243307535,8886587,2035-12-30,UPI,2023.82,2035-12-30
5490221933,41155125,2035-12-31,Cash,2855.48,2035-12-31
577600718,72857290,2036-01-01,Card,1447.21,2036-01-01
1815462789,47618810,2036-01-02,UPI,58.59,2036-01-02
896786012,99156138,2036-01-03,UPI,4116.32,2036-01-03
2610552179,98225598,2036-01-04,Cash,1012.79,2036-01-04
6244718082,2400009,2036-01-05,Card,1920.42,2036-01-05
1837634871,98241853,2036-01-06,Cash,959.01,2036-01-06
8684571382,94033330,2036-01-07,Cash,883.36,2036-01-07
1659181364,27513158,2036-01-08,UPI,918.58,2036-01-08
5626641031,65426878,2036-01-09,Card,4747.5,2036-01-09
1589326447,77961205,2036-01-10,Card,582.87,2036-01-10
5018325783,52862822,2036-01-11,Cash,1487.29,2036-01-11
5111073873,75984768,2036-01-12,Cash,2273.81,2036-01-12
5953426781,79135318,2036-01-13,UPI,3762.13,2036-01-13
8966870214,59518795,2036-01-14,UPI,2904.43,2036-01-14
6962915277,54748429,2036-01-15,Wallet,2097.56,2036-01-15
4309308088,18642306,2036-01-16,Wallet,236.95,2036-01-16
5391068200,68159723,2036-01-17,Wallet,3265.32,2036-01-17
4394681222,80517784,2036-01-18,UPI,1157.88,2036-01-18
4791895461,63793401,2036-01-19,Card,1338.81,2036-01-19
7272011740,54139038,2036-01-20,Cash,3361.56,2036-01-20
87784691,92583164,2036-01-21,Wallet,534.55,2036-01-21
4939105270,2164524,2036-01-22,Cash,1026.88,2036-01-22
4622303035,55060796,2036-01-23,Wallet,3067.7,2036-01-23
3460208027,78725001,2036-01-24,UPI,2835.33,2036-01-24
2548125971,7228206,2036-01-25,Cash,4335.06,2036-01-25
2390111460,70608515,2036-01-26,UPI,4182.23,2036-01-26
8309485249,87200291,2036-01-27,UPI,624.16,2036-01-27
8322543480,34668988,2036-01-28,Wallet,513.36,2036-01-28
2819200158,64497538,2036-01-29,Cash,1263.55,2036-01-29
7087151227,49795571,2036-01-30,UPI,1917.32,2036-01-30
6704234561,51833636,2036-01-31,Cash,3172.73,2036-01-31
6998410196,78748184,2036-02-01,Wallet,505.95,2036-02-01
707035635,61618079,2036-02-02,Wallet,3868.34,2036-02-02
543400704,60300263,2036-02-03,Card,3496.47,2036-02-03
3604694195,34713143,2036-02-04,UPI,2577.7,2036-02-04
3560549947,42465414,2036-02-05,Card,1973.85,2036-02-05
9982178143,89968482,2036-02-06,Card,2530.45,2036-02-06
1423646541,48730063,2036-02-07,UPI,2734.37,2036-02-07
7441941402,16785724,2036-02-08,UPI,2580.93,2036-02-08
8395661807,4386273,2036-02-09,Card,2561.18,2036-02-09
5480656353,11446157,2036-02-10,Card,3053.71,2036-02-10
4561602092,53624677,2036-02-11,Cash,1825.82,2036-02-11
1695982633,81382213,2036-02-12,Wallet,2247.86,2036-02-12
6309447153,74212242,2036-02-13,Cash,423.56,2036-02-13
4796733514,87251489,2036-02-14,Card,2436.11,2036-02-14
2858966982,77214094,2036-02-15,Card,2280.3,2036-02-15
6948607495,18259715,2036-02-16,UPI,1508.35,2036-02-16
4959271803,11082181,2036-02-17,Wallet,1303.23,2036-02-17
5669689881,7728406,2036-02-18,Cash,3152.59,2036-02-18
5352265711,75928073,2036-02-19,Wallet,2319.89,2036-02-19
5498551836,62243869,2036-02-20,UPI,3619.47,2036-02-20
6556845822,68692574,2036-02-21,UPI,1527.98,2036-02-21
5167008199,76359458,2036-02-22,UPI,697.53,2036-02-22
966294309,89619421,2036-02-23,Card,2928.57,2036-02-23
3163611427,85074810,2036-02-24,Cash,342.94,2036-02-24
203136866,91320466,2036-02-25,Wallet,826.21,2036-02-25
1815555165,58085779,2036-02-26,Card,435.48,2036-02-26
1874499212,64162093,2036-02-27,Cash,2252.85,2036-02-27
4012779165,84641682,2036-02-28,Wallet,899.16,2036-02-28
3669023899,81183415,2036-02-29,Card,4292.45,2036-02-29
9296381620,50630016,2036-03-01,Card,841.56,2036-03-01
2725513934,54799731,2036-03-02,Wallet,5349.56,2036-03-02
5564338561,61226563,2036-03-03,UPI,3295.72,2036-03-03
4701778121,23348269,2036-03-04,Wallet,786.17,2036-03-04
9529272337,29973346,2036-03-05,UPI,801.81,2036-03-05
869910650,34755436,2036-03-06,UPI,2378.93,2036-03-06
2127080399,84468124,2036-03-07,Card,2317.2,2036-03-07
3547439109,33481252,2036-03-08,Cash,3176.34,2036-03-08
997535715,21409946,2036-03-09,Wallet,1097.17,2036-03-09
2442453181,16543242,2036-03-10,Card,858.57,2036-03-10
1182120536,4386273,2036-03-11,Cash,843.97,2036-03-11
2819297954,5540556,2036-03-12,Cash,1762.49,2036-03-12
9870956079,39423691,2036-03-13,Card,3130.27,2036-03-13
6032675432,63368244,2036-03-14,Wallet,2708.71,2036-03-14
329790912,76925460,2036-03-15,Cash,4636.88,2036-03-15
6459815532,43295656,2036-03-16,Card,877.48,2036-03-16
9214523757,59619739,2036-03-17,Card,1657.57,2036-03-17
9450279027,38694209,2036-03-18,Card,3043.5,2036-03-18
6265551101,38568692,2036-03-19,Cash,1723.54,2036-03-19
4138526838,33871107,2036-03-20,Cash,3273.82,2036-03-20
8005579633,89617089,2036-03-21,UPI,2758.2,2036-03-21
3442984170,55472026,2036-03-22,UPI,1398.1,2036-03-22
8711550413,68941950,2036-03-23,Card,1022.12,2036-03-23
2509593585,58111297,2036-03-24,Cash,2163.4,2036-03-24
6126557370,61982521,2036-03-25,Card,3776.14,2036-03-25
9876119035,29095552,2036-03-26,Card,4751.01,2036-03-26
3739042166,92416428,2036-03-27,UPI,2089.76,2036-03-27
7938944124,85074810,2036-03-28,UPI,2183.84,2036-03-28
506804807,9107360,2036-03-29,UPI,2368.7,2036-03-29
3577900599,28286754,2036-03-30,UPI,3491.53,2036-03-30
8337599633,41073776,2036-03-31,Card,2853.43,2036-03-31
8611745429,88045094,2036-04-01,Card,1567.01,2036-04-01
2990223879,72359843,2036-04-02,Cash,367.08,2036-04-02
52324496,81605722,2036-04-03,Card,560.54,2036-04-03
6594929133,45868300,2036-04-04,Wallet,2352.18,2036-04-04
2480235830,31324823,2036-04-05,Cash,2484.07,2036-04-05
9667072962,50781611,2036-04-06,Cash,2753.36,2036-04-06
277700053,1174162,2036-04-07,UPI,190.09,2036-04-07
5691623788,60757351,2036-04-08,Cash,2178.18,2036-04-08
6845696161,37759707,2036-04-09,Cash,2844.2,2036-04-09
4098488449,60049160,2036-04-10,Card,340.36,2036-04-10
5653623743,96461062,2036-04-11,Wallet,4125.04,2036-04-11
6416399784,34156884,2036-04-12,UPI,316.02,2036-04-12
4365565386,54145987,2036-04-13,Card,918.86,2036-04-13
6423269418,30643619,2036-04-14,UPI,2648,2036-04-14
1020534590,48150243,2036-04-15,Wallet,3205.74,2036-04-15
4015289878,72489544,2036-04-16,Wallet,3698.77,2036-04-16
9959668334,80935110,2036-04-17,Wallet,494.17,2036-04-17
8054387790,84953008,2036-04-18,Card,4112.71,2036-04-18
4795344310,91562028,2036-04-19,Wallet,486.97,2036-04-19
2205862234,52001314,2036-04-20,Cash,2871.57,2036-04-20
4686249863,21701991,2036-04-21,UPI,2908.98,2036-04-21
1270524770,11478478,2036-04-22,Wallet,3520.61,2036-04-22
5743550453,93699264,2036-04-23,Card,3921.27,2036-04-23
5309699078,81584486,2036-04-24,Card,1026.58,2036-04-24
7565768030,15830066,2036-04-25,UPI,980.97,2036-04-25
3210260715,68939350,2036-04-26,Card,1793.45,2036-04-26
6657245289,820740,2036-04-27,Card,1820.28,2036-04-27
7854526965,48228547,2036-04-28,Cash,1944.66,2036-04-28
2770948451,22077605,2036-04-29,Wallet,1775.72,2036-04-29
624070426,41640262,2036-04-30,Cash,845.85,2036-04-30
891583492,13651980,2036-05-01,Card,3269.6,2036-05-01
5811206654,70391758,2036-05-02,Cash,1917.36,2036-05-02
809894905,82374625,2036-05-03,Card,670.12,2036-05-03
8209000496,63948546,2036-05-04,UPI,1239.55,2036-05-04
4901288364,44723662,2036-05-05,Wallet,3186.85,2036-05-05
5890338566,81337068,2036-05-06,Cash,4368.22,2036-05-06
2745295248,40643232,2036-05-07,Wallet,929.37,2036-05-07
5708700204,40387944,2036-05-08,UPI,864.94,2036-05-08
8643851643,57360162,2036-05-09,Cash,1532.33,2036-05-09
4525287277,74174956,2036-05-10,Wallet,432.39,2036-05-10
6154459753,82179338,2036-05-11,Cash,3709.23,2036-05-11
2587790388,45586151,2036-05-12,Cash,695.87,2036-05-12
2665891587,86636273,2036-05-13,Cash,504.18,2036-05-13
6996561687,3844290,2036-05-14,Wallet,3469.28,2036-05-14
961607638,55170753,2036-05-15,Wallet,967.96,2036-05-15
4385491839,7228206,2036-05-16,Cash,2158.72,2036-05-16
1279200190,84468124,2036-05-17,Wallet,2280.01,2036-05-17
9668698616,76441843,2036-05-18,UPI,1813.08,2036-05-18
4813038298,27304827,2036-05-19,UPI,4047.69,2036-05-19
2030125421,44477365,2036-05-20,Cash,2375.26,2036-05-20
6997235339,87669943,2036-05-21,Wallet,554.83,2036-05-21
7438342576,82585664,2036-05-22,Card,3835.39,2036-05-22
9958423263,47503133,2036-05-23,Card,1678.13,2036-05-23
3416693628,52428250,2036-05-24,Card,651.23,2036-05-24
3440579647,89950235,2036-05-25,UPI,1827.9,2036-05-25
5307231496,14330483,2036-05-26,Card,2048.45,2036-05-26
4779055734,36587003,2036-05-27,UPI,1765.22,2036-05-27
3834705841,54375571,2036-05-28,Card,1440.56,2036-05-28
9080324081,48554440,2036-05-29,Card,2315.52,2036-05-29
2500757555,65488134,2036-05-30,UPI,4945.86,2036-05-30
1292986566,47503133,2036-05-31,Wallet,2659.09,2036-05-31
6602362287,5961261,2036-06-01,Cash,2491.22,2036-06-01
184844043,33331259,2036-06-02,Card,2146.32,2036-06-02
936587253,93699264,2036-06-03,Card,1820.32,2036-06-03
2834429147,66742602,2036-06-04,Wallet,1482.38,2036-06-04
114306835,13251137,2036-06-05,Wallet,2885.11,2036-06-05
1675849477,36998375,2036-06-06,UPI,1650.66,2036-06-06
5191052705,6579892,2036-06-07,Cash,1438.94,2036-06-07
7068834722,45314389,2036-06-08,Cash,1559.6,2036-06-08
5051330893,74230420,2036-06-09,Cash,786.85,2036-06-09
6065496420,12277039,2036-06-10,Cash,4299.16,2036-06-10
7574848635,79206969,2036-06-11,UPI,4837.03,2036-06-11
8793868975,16256136,2036-06-12,UPI,1048.83,2036-06-12
5381466176,64106072,2036-06-13,UPI,281.73,2036-06-13
7709366480,91024604,2036-06-14,UPI,3998.65,2036-06-14
4936667930,18567760,2036-06-15,Wallet,2747.08,2036-06-15
6860925755,14272050,2036-06-16,UPI,3219.23,2036-06-16
5486433396,9278983,2036-06-17,Cash,776.26,2036-06-17
7089292009,8791577,2036-06-18,UPI,1425.76,2036-06-18
5350760367,25587553,2036-06-19,Card,3300.67,2036-06-19
5581769906,41164215,2036-06-20,Wallet,2042.47,2036-06-20
6256637306,3096845,2036-06-21,Cash,5196.58,2036-06-21
2999946056,92306841,2036-06-22,Wallet,1554.85,2036-06-22
5218488175,57833505,2036-06-23,UPI,709.02,2036-06-23
8297436592,46802633,2036-06-24,UPI,545.49,2036-06-24
1806118907,75752515,2036-06-25,Wallet,4646.12,2036-06-25
6999224625,49806393,2036-06-26,Card,2274.19,2036-06-26
1809997641,48281892,2036-06-27,UPI,152.55,2036-06-27
7528090614,73639935,2036-06-28,Card,929.86,2036-06-28
4884904912,36737539,2036-06-29,UPI,3074.06,2036-06-29
9811235698,58929595,2036-06-30,UPI,877.43,2036-06-30
5616653529,52001314,2036-07-01,Card,2986.32,2036-07-01
7188183056,84953008,2036-07-02,Wallet,2396.81,2036-07-02
7898301143,73660582,2036-07-03,UPI,3375.53,2036-07-03
5222677885,31582950,2036-07-04,Wallet,3429.93,2036-07-04
8544952346,61618079,2036-07-05,UPI,1205.58,2036-07-05
9403371764,3096845,2036-07-06,Cash,317.8,2036-07-06
3956205476,57892837,2036-07-07,Wallet,1386.61,2036-07-07
5678362658,58513300,2036-07-08,Cash,2100.38,2036-07-08
8131610255,90448312,2036-07-09,Card,2409.01,2036-07-09
4722653990,95428692,2036-07-10,Cash,1684.14,2036-07-10
6613853662,75474920,2036-07-11,Cash,1748.17,2036-07-11
8274987671,19523014,2036-07-12,UPI,1766.79,2036-07-12
5519983123,78678612,2036-07-13,Wallet,1645.97,2036-07-13
2746329488,35156679,2036-07-14,Cash,972.69,2036-07-14
6443285614,2400009,2036-07-15,UPI,3136.89,2036-07-15
6932426427,31384626,2036-07-16,Cash,1001.25,2036-07-16
1796512004,19741509,2036-07-17,Cash,1832.58,2036-07-17
1464518253,12695670,2036-07-18,Wallet,1022.05,2036-07-18
3585105627,41168392,2036-07-19,Card,2024.09,2036-07-19
5387247994,19182548,2036-07-20,Card,2436.58,2036-07-20
7568171531,46504355,2036-07-21,Wallet,33.76,2036-07-21
4111193446,85020453,2036-07-22,Card,2318.06,2036-07-22
8683154153,89986926,2036-07-23,Card,3588.19,2036-07-23
5712367183,85763665,2036-07-24,Cash,2496.31,2036-07-24
3952854723,88739922,2036-07-25,Card,2653.25,2036-07-25
4631387671,86704661,2036-07-26,UPI,1770.58,2036-07-26
2145309969,35988028,2036-07-27,UPI,995.98,2036-07-27
4314762741,61516967,2036-07-28,Wallet,4040.43,2036-07-28
7401889152,15733078,2036-07-29,Cash,2406.32,2036-07-29
1932040824,32987624,2036-07-30,UPI,1305.23,2036-07-30
9836424713,53815931,2036-07-31,Cash,267.29,2036-07-31
9882312203,65134271,2036-08-01,Wallet,2246.09,2036-08-01
3082649585,92409489,2036-08-02,Cash,127.08,2036-08-02
6033878151,61226563,2036-08-03,Card,572.02,2036-08-03
6395547592,43799224,2036-08-04,UPI,440.19,2036-08-04
372962997,43799224,2036-08-05,UPI,325.08,2036-08-05
2988215377,46802633,2036-08-06,UPI,2731.72,2036-08-06
7081583361,39093069,2036-08-07,Card,2777.11,2036-08-07
1860491452,99893898,2036-08-08,Cash,3744.71,2036-08-08
7499656197,12469338,2036-08-09,Card,832.1,2036-08-09
4507112412,47577193,2036-08-10,Card,2679.57,2036-08-10
9214595868,98211325,2036-08-11,Wallet,3419.53,2036-08-11
253430904,16543242,2036-08-12,UPI,1392.32,2036-08-12
5574588218,48281892,2036-08-13,Cash,5318.31,2036-08-13
2817281674,73869823,2036-08-14,UPI,923.09,2036-08-14
4932779616,90021871,2036-08-15,UPI,3548.4,2036-08-15
7932879650,81088747,2036-08-16,Cash,1885.92,2036-08-16
997698125,97492493,2036-08-17,Card,1552.41,2036-08-17
2403547563,59677346,2036-08-18,Wallet,2309.25,2036-08-18
8875483494,34787383,2036-08-19,UPI,827.44,2036-08-19
883548284,3408982,2036-08-20,Wallet,2340.86,2036-08-20
2364229435,69339331,2036-08-21,Wallet,4099.53,2036-08-21
6845869445,54730270,2036-08-22,UPI,4065.85,2036-08-22
397818832,75467328,2036-08-23,Card,3963.84,2036-08-23
304166272,34835738,2036-08-24,UPI,3896.33,2036-08-24
1575626085,78157360,2036-08-25,Card,58.59,2036-08-25
3945644714,92356639,2036-08-26,UPI,1226.18,2036-08-26
8370213291,10855630,2036-08-27,Wallet,2721.29,2036-08-27
2185375786,46313756,2036-08-28,Card,2132.32,2036-08-28
1828975788,41155125,2036-08-29,Card,3658.25,2036-08-29
4319450104,7288562,2036-08-30,Card,1968.01,2036-08-30
5059765199,91562028,2036-08-31,Cash,3092.93,2036-08-31
5360089735,21425168,2036-09-01,Wallet,3550.74,2036-09-01
8008211695,77397957,2036-09-02,Cash,3773.66,2036-09-02
4400031082,46682777,2036-09-03,Cash,765.76,2036-09-03
9582738204,88312515,2036-09-04,Cash,1728.25,2036-09-04
1368450162,14974554,2036-09-05,Card,3130.36,2036-09-05
56705032,63060947,2036-09-06,UPI,3069.98,2036-09-06
2407168640,78254569,2036-09-07,Cash,1781.83,2036-09-07
530588807,25722990,2036-09-08,Wallet,2352.13,2036-09-08
9975541696,59890331,2036-09-09,UPI,3990.22,2036-09-09
8602707005,77673290,2036-09-10,Card,2934.21,2036-09-10
2382595056,76377003,2036-09-11,Wallet,227.22,2036-09-11
8056162498,11446157,2036-09-12,Card,5891.08,2036-09-12
4593039089,50015282,2036-09-13,Card,1790.99,2036-09-13
7311288658,48358028,2036-09-14,UPI,1282.27,2036-09-14
9157217130,8073518,2036-09-15,Wallet,1448.27,2036-09-15
9328094731,77086539,2036-09-16,Card,2164.86,2036-09-16
3259266120,35049420,2036-09-17,Cash,3483.31,2036-09-17
4656541041,84572019,2036-09-18,Card,87.3,2036-09-18
730839483,20148223,2036-09-19,Cash,2528.88,2036-09-19
6185824257,1816969,2036-09-20,UPI,4093.07,2036-09-20
225195662,76202036,2036-09-21,Card,284.69,2036-09-21
6771104541,61618079,2036-09-22,Cash,97.04,2036-09-22
6146830622,14367270,2036-09-23,Cash,271.38,2036-09-23
1380326453,68159723,2036-09-24,Cash,4991.05,2036-09-24
728523620,46699982,2036-09-25,Wallet,1394,2036-09-25
27296314,64562786,2036-09-26,UPI,3866.08,2036-09-26
2608278705,51945420,2036-09-27,Cash,4746.82,2036-09-27
6786366774,5716817,2036-09-28,Card,3962.96,2036-09-28
5572475750,40563029,2036-09-29,UPI,4045.5,2036-09-29
8276417383,39976965,2036-09-30,Cash,1938.45,2036-09-30
784435014,2684440,2036-10-01,Cash,415.75,2036-10-01
9442274046,93617659,2036-10-02,UPI,229.38,2036-10-02
2470025903,81420960,2036-10-03,Cash,3939.11,2036-10-03
6774241153,29272253,2036-10-04,UPI,915.45,2036-10-04
3874644184,49152878,2036-10-05,Cash,577.13,2036-10-05
8078065454,97033691,2036-10-06,Cash,2440.55,2036-10-06
340113260,83039559,2036-10-07,Card,869.51,2036-10-07
2978839318,59436131,2036-10-08,Card,1031.54,2036-10-08
3896922017,9274874,2036-10-09,Card,726.41,2036-10-09
7621954956,32797235,2036-10-10,UPI,793.14,2036-10-10
581178324,12277039,2036-10-11,Cash,2887.67,2036-10-11
8469170680,5901440,2036-10-12,UPI,39.65,2036-10-12
6779626333,55404382,2036-10-13,Card,329.79,2036-10-13
6335704206,38327793,2036-10-14,Card,3363.41,2036-10-14
8314342490,21677923,2036-10-15,Wallet,3821.54,2036-10-15
1948795658,49833888,2036-10-16,Card,3541.32,2036-10-16
9187864807,44776601,2036-10-17,Wallet,1565.97,2036-10-17
8399666962,21573815,2036-10-18,UPI,3782.86,2036-10-18
6196321055,30788486,2036-10-19,Cash,1795.02,2036-10-19
8128518434,94486311,2036-10-20,Card,2083.51,2036-10-20
9854897999,72415263,2036-10-21,Card,2790.09,2036-10-21
2603584546,41811800,2036-10-22,Wallet,1328.82,2036-10-22
1295119665,99695529,2036-10-23,UPI,4979.18,2036-10-23
599975885,45708879,2036-10-24,Card,3420.7,2036-10-24
5834861324,84826389,2036-10-25,UPI,1367.34,2036-10-25
2032005162,18791381,2036-10-26,Wallet,2152.48,2036-10-26
8391900458,43518622,2036-10-27,Wallet,1807.66,2036-10-27
1887687323,85518832,2036-10-28,Cash,695.62,2036-10-28
2120411967,6867315,2036-10-29,Wallet,4769.69,2036-10-29
3158340906,48002829,2036-10-30,Wallet,4157.26,2036-10-30
2387343456,17749347,2036-10-31,Wallet,915.29,2036-10-31
338609144,12574626,2036-11-01,Cash,2731.77,2036-11-01
9056190831,3100301,2036-11-02,Wallet,2618.61,2036-11-02
2803081135,42262168,2036-11-03,Wallet,1389.92,2036-11-03
5970759669,26285589,2036-11-04,UPI,3168.87,2036-11-04
3226693729,62629494,2036-11-05,UPI,748.62,2036-11-05
8132845656,4597433,2036-11-06,UPI,690.08,2036-11-06
7850550725,16424635,2036-11-07,Wallet,1641.82,2036-11-07
2934547619,77161976,2036-11-08,Card,3784.91,2036-11-08
608179182,87220860,2036-11-09,Card,4653.67,2036-11-09
5191326847,48158494,2036-11-10,UPI,3166.48,2036-11-10
7614561036,91853589,2036-11-11,Wallet,1848.84,2036-11-11
2947791133,19741509,2036-11-12,Wallet,1379.52,2036-11-12
6538760883,119099,2036-11-13,UPI,5122.1,2036-11-13
8872250952,43243913,2036-11-14,UPI,993.86,2036-11-14
8173258734,20835909,2036-11-15,Wallet,1063.55,2036-11-15
5465833352,11047835,2036-11-16,UPI,2140.08,2036-11-16
2106569369,27513158,2036-11-17,UPI,2211.21,2036-11-17
9039440500,64298209,2036-11-18,Card,4074.16,2036-11-18
8281482042,72889295,2036-11-19,Card,1781.14,2036-11-19
479528548,21786873,2036-11-20,Card,2419.83,2036-11-20
8087519921,90246977,2036-11-21,UPI,3870.37,2036-11-21
4869691623,9401406,2036-11-22,Card,2648,2036-11-22
7155177625,2566268,2036-11-23,UPI,3064.83,2036-11-23
7254499390,93563435,2036-11-24,Cash,1260.53,2036-11-24
7394439260,22358567,2036-11-25,Cash,4682.75,2036-11-25
6581715589,8375298,2036-11-26,UPI,900.3,2036-11-26
9457009010,80858127,2036-11-27,Cash,3393.32,2036-11-27
2859660695,33685414,2036-11-28,UPI,1022.62,2036-11-28
6392348668,1697604,2036-11-29,UPI,4479.61,2036-11-29
6933011590,21658322,2036-11-30,Card,549.47,2036-11-30
5809441378,51872499,2036-12-01,Card,1275.88,2036-12-01
411113020,84953008,2036-12-02,Wallet,1822.88,2036-12-02
5512796364,12507907,2036-12-03,Card,1369.75,2036-12-03
2610813239,62917794,2036-12-04,UPI,1291.85,2036-12-04
3236748462,58111297,2036-12-05,UPI,2340.2,2036-12-05
6652395897,60904312,2036-12-06,UPI,2780.39,2036-12-06
5517901926,40593638,2036-12-07,Cash,2377.37,2036-12-07
2174753933,38780509,2036-12-08,Card,940.61,2036-12-08
1525700767,61320989,2036-12-09,Cash,4081.2,2036-12-09
7232692149,899941,2036-12-10,Wallet,1932.42,2036-12-10
8556607504,68703613,2036-12-11,Card,1877.95,2036-12-11
5841260317,65426878,2036-12-12,Cash,3951.8,2036-12-12
9471427840,18935489,2036-12-13,Card,4352.3,2036-12-13
2070610257,4386273,2036-12-14,Card,949.73,2036-12-14
1884811437,24988999,2036-12-15,Card,665.98,2036-12-15
5331747573,3588443,2036-12-16,Card,3589.43,2036-12-16
9977285985,22321208,2036-12-17,Cash,325.08,2036-12-17
1715175070,33706378,2036-12-18,Cash,3786.34,2036-12-18
4117790162,52770036,2036-12-19,UPI,986.22,2036-12-19
9051644316,30447453,2036-12-20,Wallet,1636.36,2036-12-20
4903335316,47822591,2036-12-21,UPI,3090.86,2036-12-21
3341481363,43066953,2036-12-22,Cash,2839.24,2036-12-22
4074537770,2400009,2036-12-23,Card,871.22,2036-12-23
5374589112,52409516,2036-12-24,Cash,355.96,2036-12-24
6401406847,58152923,2036-12-25,Card,2125.71,2036-12-25
698439139,75038062,2036-12-26,Card,5380.75,2036-12-26
881367843,25221501,2036-12-27,Cash,1830.88,2036-12-27
6438115781,43431724,2036-12-28,UPI,2245.7,2036-12-28
1706198744,19425804,2036-12-29,UPI,278.4,2036-12-29
3115167739,83304571,2036-12-30,Card,870.29,2036-12-30
8608111158,75244116,2036-12-31,Cash,4129.04,2036-12-31
8167540645,69925688,2037-01-01,Wallet,3873.68,2037-01-01
898210033,28111842,2037-01-02,Cash,3445.49,2037-01-02
5415454466,79369660,2037-01-03,Wallet,2422.42,2037-01-03
9240312177,80862136,2037-01-04,Wallet,3134.86,2037-01-04
4880265969,20163931,2037-01-05,UPI,2341.08,2037-01-05
5056583192,27336589,2037-01-06,Wallet,61.79,2037-01-06
1921412688,12338529,2037-01-07,Cash,261.03,2037-01-07
5829741995,40434527,2037-01-08,Card,1906.86,2037-01-08
9830742370,49806393,2037-01-09,Wallet,2223.88,2037-01-09
509041342,91243571,2037-01-10,Cash,2427.78,2037-01-10
8420144998,72164737,2037-01-11,Card,4216.31,2037-01-11
7353766541,48418662,2037-01-12,Cash,441.87,2037-01-12
8617979440,13604883,2037-01-13,Cash,1827.78,2037-01-13
680476823,75739462,2037-01-14,Cash,1205.62,2037-01-14
5424536852,18035010,2037-01-15,UPI,3267.02,2037-01-15
1142004448,73735548,2037-01-16,Cash,2117.45,2037-01-16
1814491335,27336589,2037-01-17,Wallet,3762.92,2037-01-17
445929405,36885115,2037-01-18,Card,1363.04,2037-01-18
3849003596,60300263,2037-01-19,Card,2568.24,2037-01-19
6367757670,33617546,2037-01-20,Cash,4428.29,2037-01-20
4925321106,77214094,2037-01-21,Wallet,3596.68,2037-01-21
4463294381,44409533,2037-01-22,Wallet,3635.76,2037-01-22
9077946933,81808190,2037-01-23,Wallet,4519.36,2037-01-23
6688079478,57392064,2037-01-24,Cash,53.49,2037-01-24
8712304346,40085705,2037-01-25,UPI,4727.01,2037-01-25
3748957111,98088303,2037-01-26,Wallet,1499.45,2037-01-26
2388792163,81160474,2037-01-27,Wallet,839.84,2037-01-27
2583035857,77220027,2037-01-28,Wallet,874.78,2037-01-28
2649487718,81346291,2037-01-29,Cash,549.47,2037-01-29
5936628691,47387512,2037-01-30,UPI,2943.17,2037-01-30
7662682121,1562083,2037-01-31,Cash,4222.73,2037-01-31
736115661,55971849,2037-02-01,Card,1710.16,2037-02-01
2448741950,60757351,2037-02-02,Cash,1534.86,2037-02-02
9321629905,79206969,2037-02-03,UPI,3273.05,2037-02-03
9020583379,9573071,2037-02-04,Cash,2075.61,2037-02-04
2642275862,97419742,2037-02-05,UPI,5086.75,2037-02-05
6932431317,79206969,2037-02-06,Wallet,329.79,2037-02-06
9126871366,67696145,2037-02-07,Card,3246.38,2037-02-07
3244572785,60732869,2037-02-08,Card,491.21,2037-02-08
6485432691,18082040,2037-02-09,UPI,2635.54,2037-02-09
6047222755,78394303,2037-02-10,Card,4715.13,2037-02-10
6167501412,20940403,2037-02-11,Wallet,2814.34,2037-02-11
2052163872,20634789,2037-02-12,Card,819.82,2037-02-12
7740339645,70170606,2037-02-13,Card,2054.08,2037-02-13
2761855959,81541985,2037-02-14,Wallet,4023.54,2037-02-14
8010347195,18935489,2037-02-15,UPI,341.75,2037-02-15
2384153985,30285217,2037-02-16,Wallet,2168.39,2037-02-16
3584794157,96253172,2037-02-17,Wallet,3902.46,2037-02-17
8186709947,27604184,2037-02-18,Wallet,768.27,2037-02-18
6027355216,17929886,2037-02-19,Card,2562.39,2037-02-19
9823160533,51119088,2037-02-20,Wallet,1408.86,2037-02-20
8694663463,12851610,2037-02-21,UPI,1496.16,2037-02-21
1296772969,68703613,2037-02-22,UPI,5662.12,2037-02-22
5856838171,55971849,2037-02-23,Wallet,3115.94,2037-02-23
915473142,53636086,2037-02-24,UPI,152.55,2037-02-24
6992097680,9450435,2037-02-25,Wallet,1214.18,2037-02-25
6870670122,70529459,2037-02-26,UPI,449.97,2037-02-26
6626994121,44223796,2037-02-27,Cash,1769.65,2037-02-27
6125813500,44562310,2037-02-28,Cash,3788.27,2037-02-28
6899859775,33706378,2037-03-01,Wallet,3110.34,2037-03-01
1825560091,41494867,2037-03-02,Cash,422.14,2037-03-02
1320638425,36833857,2037-03-03,Card,3608.01,2037-03-03
5320995509,81932548,2037-03-04,Wallet,4452.79,2037-03-04
4249535395,50953418,2037-03-05,Card,1566.19,2037-03-05
804881381,44269569,2037-03-06,UPI,321.33,2037-03-06
4858560187,55028958,2037-03-07,Cash,1018.81,2037-03-07
6425666148,24144240,2037-03-08,Wallet,1967.25,2037-03-08
9021754099,23844919,2037-03-09,Wallet,3472.43,2037-03-09
7728205680,46023497,2037-03-10,Cash,325.08,2037-03-10
9346166799,62416456,2037-03-11,Card,1896.99,2037-03-11
3377313085,89036169,2037-03-12,UPI,2044.47,2037-03-12
8167716321,73392739,2037-03-13,Cash,3448.04,2037-03-13
2024637181,29451600,2037-03-14,Cash,2241.49,2037-03-14
9310630290,64162093,2037-03-15,Cash,2003.29,2037-03-15
2276505075,12769552,2037-03-16,UPI,2169.15,2037-03-16
6615188116,49529811,2037-03-17,Wallet,1531.68,2037-03-17
6858336318,92027021,2037-03-18,Cash,160.07,2037-03-18
7601638642,32426778,2037-03-19,Card,4827.19,2037-03-19
1191565627,51661209,2037-03-20,UPI,1760.51,2037-03-20
4785021992,91144803,2037-03-21,Wallet,3562.88,2037-03-21
3452964753,49449238,2037-03-22,Card,3713.57,2037-03-22
3490919801,85198177,2037-03-23,Cash,801.81,2037-03-23
105578518,38615653,2037-03-24,Cash,1034.16,2037-03-24
2978719561,11478478,2037-03-25,Card,3000.58,2037-03-25
9979010790,13465850,2037-03-26,UPI,415.75,2037-03-26
4435636116,93018527,2037-03-27,Wallet,552.2,2037-03-27
5909879259,82594354,2037-03-28,Card,786.1,2037-03-28
2686390867,45071436,2037-03-29,Card,397.55,2037-03-29
6698537000,52770036,2037-03-30,Card,2179.27,2037-03-30
4395604675,53076417,2037-03-31,UPI,1878.33,2037-03-31
3475041787,34425723,2037-04-01,UPI,890.42,2037-04-01
5817989751,72366758,2037-04-02,Wallet,1730.17,2037-04-02
1433129858,43256928,2037-04-03,UPI,481.63,2037-04-03
3571922553,69364309,2037-04-04,Cash,2999.67,2037-04-04
7940229189,50632192,2037-04-05,Wallet,481.63,2037-04-05
3801240688,18256339,2037-04-06,Card,1441.45,2037-04-06
1295268290,70168151,2037-04-07,Cash,3522.38,2037-04-07
4552636670,74313592,2037-04-08,UPI,2002.09,2037-04-08
6805071689,87266309,2037-04-09,UPI,1190.62,2037-04-09
8026827967,49371494,2037-04-10,Wallet,878.8,2037-04-10
6417774057,22800586,2037-04-11,Wallet,3376.87,2037-04-11
7877665931,35434373,2037-04-12,Card,722.42,2037-04-12
7754237266,75836905,2037-04-13,Card,445.48,2037-04-13
7985418058,35302195,2037-04-14,Card,672.73,2037-04-14
5287733777,84066402,2037-04-15,Card,1654.07,2037-04-15
7112725384,21658322,2037-04-16,Wallet,211.25,2037-04-16
6261926473,50760752,2037-04-17,Card,2714.81,2037-04-17
1495465938,5607734,2037-04-18,UPI,3767.45,2037-04-18
7891205593,10562528,2037-04-19,Wallet,1348.96,2037-04-19
924888012,79298972,2037-04-20,UPI,843.03,2037-04-20
943278538,22227829,2037-04-21,Wallet,4369.44,2037-04-21
9981950902,39153585,2037-04-22,UPI,941.19,2037-04-22
7769253886,8351747,2037-04-23,UPI,4065.3,2037-04-23
9350977708,41874489,2037-04-24,UPI,2004.57,2037-04-24
4525211942,30317733,2037-04-25,Cash,2234.58,2037-04-25
7232049635,79916464,2037-04-26,Card,2379.3,2037-04-26
679546532,72942753,2037-04-27,UPI,3679.63,2037-04-27
4665187954,97739583,2037-04-28,Wallet,340.66,2037-04-28
3914760118,61877649,2037-04-29,Wallet,2930.6,2037-04-29
155568486,36517334,2037-04-30,UPI,936.98,2037-04-30
3773972929,26752630,2037-05-01,Card,297.68,2037-05-01
2168808412,91382237,2037-05-02,UPI,1185.57,2037-05-02
7697315553,49769532,2037-05-03,UPI,3321.85,2037-05-03
804414742,42781544,2037-05-04,Cash,3378.21,2037-05-04
918328199,60656482,2037-05-05,Card,1095.57,2037-05-05
3084493525,32527479,2037-05-06,Cash,1922.46,2037-05-06
8047256000,17805991,2037-05-07,Card,1862.31,2037-05-07
5176597414,80875034,2037-05-08,Wallet,1723.93,2037-05-08
110303417,57566548,2037-05-09,Wallet,2258.29,2037-05-09
1809212176,50105174,2037-05-10,Card,4454.66,2037-05-10
1765001264,1697604,2037-05-11,UPI,412.53,2037-05-11
4220306391,44139071,2037-05-12,UPI,1587.88,2037-05-12
1275637731,20148223,2037-05-13,UPI,786.85,2037-05-13
7729557529,59252433,2037-05-14,Wallet,2146.47,2037-05-14
9279017414,60495351,2037-05-15,UPI,1476.41,2037-05-15
8726185624,57505804,2037-05-16,Card,3851.22,2037-05-16
3192177869,59252433,2037-05-17,Cash,168.09,2037-05-17
5033541164,32987624,2037-05-18,Cash,950.94,2037-05-18
4495977117,61753272,2037-05-19,Card,2663.89,2037-05-19
8866977450,97509888,2037-05-20,Wallet,735.43,2037-05-20
7542030170,49371494,2037-05-21,Cash,1247.39,2037-05-21
8782031586,23982977,2037-05-22,Wallet,1485.74,2037-05-22
7177553918,10048910,2037-05-23,Card,1381.29,2037-05-23
9157563215,89142848,2037-05-24,Card,2075.02,2037-05-24
989452284,79773912,2037-05-25,Wallet,551.88,2037-05-25
9972678893,45033270,2037-05-26,Wallet,3702.6,2037-05-26
8561203503,6390687,2037-05-27,Wallet,2766.81,2037-05-27
1388300707,84824280,2037-05-28,UPI,3998.46,2037-05-28
4054816025,29584848,2037-05-29,UPI,2422.3,2037-05-29
9943206333,12851610,2037-05-30,Wallet,918.65,2037-05-30
3948498236,35402531,2037-05-31,Card,2174.34,2037-05-31
8096169523,66768157,2037-06-01,UPI,2160.02,2037-06-01
8803091944,11228463,2037-06-02,UPI,3598.91,2037-06-02
7409519974,60834500,2037-06-03,Wallet,4040.13,2037-06-03
456278500,62526567,2037-06-04,Cash,2591.57,2037-06-04
9912965340,95309983,2037-06-05,Wallet,4366.97,2037-06-05
2802653261,9987182,2037-06-06,UPI,1481.99,2037-06-06
8629948751,97678578,2037-06-07,Card,2006.53,2037-06-07
9169008097,98625898,2037-06-08,Wallet,2432.06,2037-06-08
3186513319,3730316,2037-06-09,UPI,83.18,2037-06-09
8837578937,28663279,2037-06-10,Cash,3480.43,2037-06-10
1468095888,37691544,2037-06-11,Cash,4034.72,2037-06-11
3055120492,408590,2037-06-12,Wallet,1217.39,2037-06-12
6083457185,80571942,2037-06-13,Wallet,923.43,2037-06-13
7154956248,22112867,2037-06-14,Wallet,801.47,2037-06-14
246971181,376144,2037-06-15,UPI,3266,2037-06-15
2452915406,96806748,2037-06-16,Cash,2169.36,2037-06-16
9458183390,88203688,2037-06-17,Wallet,1507.92,2037-06-17
576571858,26285589,2037-06-18,Card,4080.28,2037-06-18
9544803182,31410886,2037-06-19,Cash,2272.72,2037-06-19
2121652047,65815155,2037-06-20,UPI,1734.01,2037-06-20
8891725854,13871547,2037-06-21,Wallet,2149.76,2037-06-21
4870772869,78903046,2037-06-22,Wallet,2385.36,2037-06-22
262562615,12059049,2037-06-23,Wallet,2066.5,2037-06-23
5142912812,57642258,2037-06-24,Cash,2175.4,2037-06-24
1225289500,70529459,2037-06-25,Wallet,3663.25,2037-06-25
7337555525,44223796,2037-06-26,Card,3036.62,2037-06-26
5719806088,42012717,2037-06-27,Card,1759.81,2037-06-27
6890191424,57360162,2037-06-28,Wallet,760.54,2037-06-28
5695198653,29562254,2037-06-29,UPI,572.4,2037-06-29
482670263,9641623,2037-06-30,Cash,835.53,2037-06-30
7857904467,97286925,2037-07-01,UPI,888.12,2037-07-01
614435661,73586244,2037-07-02,Cash,1266.44,2037-07-02
2284551326,68063317,2037-07-03,Cash,207.41,2037-07-03
8614991290,57566548,2037-07-04,Wallet,96.33,2037-07-04
9865566300,61753272,2037-07-05,UPI,2566.27,2037-07-05
6672582413,82359623,2037-07-06,UPI,1020.03,2037-07-06
3004834987,91590001,2037-07-07,Card,1849.28,2037-07-07
4486349175,45481936,2037-07-08,Cash,2577.5,2037-07-08
3098655541,69908484,2037-07-09,Wallet,680.53,2037-07-09
1912293606,49433260,2037-07-10,Card,2522.33,2037-07-10
7465280557,26863280,2037-07-11,Cash,3881.99,2037-07-11
343050015,72263318,2037-07-12,Cash,1163.49,2037-07-12
6414606364,70867736,2037-07-13,Cash,1615.25,2037-07-13
4092550629,50572914,2037-07-14,Wallet,1925.24,2037-07-14
9810964144,51476157,2037-07-15,Wallet,517.03,2037-07-15
6513851276,99160348,2037-07-16,Wallet,722.42,2037-07-16
6080784069,39418109,2037-07-17,Wallet,3940.75,2037-07-17
1967283733,15796277,2037-07-18,Cash,1589.89,2037-07-18
2683672396,89617089,2037-07-19,Card,2073.99,2037-07-19
1464736195,15830066,2037-07-20,Wallet,692.32,2037-07-20
3258963661,20343501,2037-07-21,Wallet,3903.48,2037-07-21
9956872454,41874489,2037-07-22,Card,5294.27,2037-07-22
867630114,30373140,2037-07-23,Wallet,2680.19,2037-07-23
3333752740,84862161,2037-07-24,UPI,397.55,2037-07-24
4835197446,72889295,2037-07-25,Wallet,1255.62,2037-07-25
1888517793,42514124,2037-07-26,Wallet,828.44,2037-07-26
5148599328,28350645,2037-07-27,UPI,97.04,2037-07-27
3405089431,96629034,2037-07-28,Card,2479.65,2037-07-28
9286199495,5751638,2037-07-29,Wallet,813.3,2037-07-29
6418255337,63948546,2037-07-30,Wallet,3894.81,2037-07-30
7442478777,28289030,2037-07-31,Cash,2429.09,2037-07-31
5170777528,31537100,2037-08-01,UPI,1207.56,2037-08-01
1255941187,38420886,2037-08-02,Wallet,2307.21,2037-08-02
4704980993,119099,2037-08-03,Wallet,3153.02,2037-08-03
7310604669,93617659,2037-08-04,Card,4342.7,2037-08-04
7970608721,60385293,2037-08-05,UPI,4153.66,2037-08-05
3164727163,20956158,2037-08-06,Cash,1185.06,2037-08-06
2388064449,34237583,2037-08-07,Card,3393.04,2037-08-07
757816226,22571994,2037-08-08,Wallet,1308.05,2037-08-08
259772553,2566268,2037-08-09,Card,881.42,2037-08-09
8388644219,4444673,2037-08-10,Card,491.39,2037-08-10
1545044936,77921718,2037-08-11,Cash,1686.14,2037-08-11
6995571310,81200164,2037-08-12,UPI,2773.23,2037-08-12
8801161214,9107360,2037-08-13,UPI,1367.02,2037-08-13
1751319400,98307019,2037-08-14,Card,4146,2037-08-14
10448052,90021871,2037-08-15,UPI,1228.86,2037-08-15
3047076079,65895091,2037-08-16,Card,881.42,2037-08-16
5085860780,64316806,2037-08-17,Cash,697.53,2037-08-17
6213909425,42208242,2037-08-18,Cash,4991.59,2037-08-18
3712789789,20634789,2037-08-19,Wallet,2294.43,2037-08-19
278794976,94137242,2037-08-20,Cash,3325.87,2037-08-20
3420357591,86444757,2037-08-21,Card,4924.02,2037-08-21
4551386734,62807542,2037-08-22,Card,1974.67,2037-08-22
7609681987,22076522,2037-08-23,Card,4177.05,2037-08-23
1721655048,79742293,2037-08-24,Wallet,2644.87,2037-08-24
7040151151,5540556,2037-08-25,Cash,3174.92,2037-08-25
6719661881,48716374,2037-08-26,Wallet,2911.6,2037-08-26
5195004299,50632192,2037-08-27,Card,1214.72,2037-08-27
5441946621,40256341,2037-08-28,Card,1477.71,2037-08-28
3508992095,32293017,2037-08-29,Card,2024.65,2037-08-29
8454449180,79672044,2037-08-30,Cash,229.38,2037-08-30
9251851237,94453274,2037-08-31,Cash,3102.6,2037-08-31
6739811103,9981089,2037-09-01,Card,1098.44,2037-09-01
7590827828,40703374,2037-09-02,UPI,1527.05,2037-09-02
310213322,12077371,2037-09-03,UPI,3179.91,2037-09-03
934908369,53299455,2037-09-04,Card,692.8,2037-09-04
3817617199,29525287,2037-09-05,UPI,2583.68,2037-09-05
2622709030,50781611,2037-09-06,Cash,1796.1,2037-09-06
3843689992,3730316,2037-09-07,UPI,2378.76,2037-09-07
8732395640,26285589,2037-09-08,Card,671.55,2037-09-08
3889721330,44269569,2037-09-09,Card,1698.08,2037-09-09
7064093619,90665975,2037-09-10,Wallet,2426.17,2037-09-10
6798661163,3730316,2037-09-11,UPI,711.91,2037-09-11
2878307830,97150234,2037-09-12,UPI,2165.98,2037-09-12
4133369643,95971469,2037-09-13,UPI,3015.94,2037-09-13
3394787348,40841791,2037-09-14,Cash,2942.82,2037-09-14
4830380663,19259955,2037-09-15,Wallet,610.43,2037-09-15
3441042301,43052303,2037-09-16,UPI,2638.95,2037-09-16
3984353474,17681645,2037-09-17,Card,136.6,2037-09-17
4495916529,57662767,2037-09-18,UPI,760.22,2037-09-18
5075205264,51034600,2037-09-19,Card,1652.05,2037-09-19
6129180304,86499778,2037-09-20,Wallet,1047.98,2037-09-20
3311686914,63310076,2037-09-21,Cash,4422.12,2037-09-21
3907403745,99490786,2037-09-22,Wallet,2440.93,2037-09-22
9924696305,43367112,2037-09-23,Cash,46.62,2037-09-23
7348508805,45052594,2037-09-24,Cash,3935.99,2037-09-24
1665004352,5226128,2037-09-25,Cash,1989.91,2037-09-25
1049800958,44139071,2037-09-26,Cash,1099.79,2037-09-26
2937550786,72946405,2037-09-27,Card,1638.19,2037-09-27
486724008,12415659,2037-09-28,Wallet,2431.37,2037-09-28
9361578823,81373608,2037-09-29,UPI,3335.13,2037-09-29
6249585672,20940403,2037-09-30,Card,864.3,2037-09-30
2111712383,67465084,2037-10-01,Card,727.95,2037-10-01
2962076108,99824171,2037-10-02,UPI,1970.13,2037-10-02
7509638056,35912599,2037-10-03,Wallet,1009.53,2037-10-03
6074743537,32797235,2037-10-04,Wallet,431.37,2037-10-04
3560026527,97174235,2037-10-05,Wallet,255.35,2037-10-05
7005103077,76850859,2037-10-06,Card,1835.86,2037-10-06
8175826750,22076522,2037-10-07,Cash,1546.34,2037-10-07
8572946020,41168392,2037-10-08,Card,786.85,2037-10-08
2936701883,28286754,2037-10-09,UPI,1577.75,2037-10-09
9948324640,22054087,2037-10-10,Cash,1529.04,2037-10-10
2865872281,49970560,2037-10-11,Wallet,3543.67,2037-10-11
5785351358,64795608,2037-10-12,UPI,2240.09,2037-10-12
5204776107,65514005,2037-10-13,Cash,2183.02,2037-10-13
8689865723,62526567,2037-10-14,Cash,3277.87,2037-10-14
7822329516,79742293,2037-10-15,Card,367.08,2037-10-15
5995393950,64535602,2037-10-16,Card,3434.89,2037-10-16
5458784818,79672044,2037-10-17,Cash,3321.58,2037-10-17
5611686165,83660688,2037-10-18,Wallet,2997.68,2037-10-18
6390653932,83597876,2037-10-19,Card,1996.94,2037-10-19
1215008706,68219091,2037-10-20,Cash,3025,2037-10-20
7357727116,6617417,2037-10-21,UPI,1441.9,2037-10-21
7562975685,89910157,2037-10-22,Card,3837.24,2037-10-22
3118070064,50518311,2037-10-23,UPI,3977.57,2037-10-23
8255753870,72667140,2037-10-24,Card,5768.29,2037-10-24
5924715529,79919160,2037-10-25,UPI,3867.9,2037-10-25
9593816617,44589829,2037-10-26,Card,3890.77,2037-10-26
6143213997,71643758,2037-10-27,Card,4464.71,2037-10-27
4516009647,99361865,2037-10-28,Wallet,3570.86,2037-10-28
291900074,625395,2037-10-29,Card,2248.63,2037-10-29
3178700341,48033969,2037-10-30,Cash,1776,2037-10-30
4231742059,4439806,2037-10-31,UPI,1232.31,2037-10-31
7437613292,31582950,2037-11-01,Card,4161.8,2037-11-01
5609346062,82169898,2037-11-02,Card,134.69,2037-11-02
909033820,93924203,2037-11-03,UPI,2660.5,2037-11-03
470624828,59545278,2037-11-04,UPI,197.39,2037-11-04
9608676386,99714944,2037-11-05,UPI,545,2037-11-05
6846160702,77661491,2037-11-06,Card,483.05,2037-11-06
4248168019,29973346,2037-11-07,Card,1838.03,2037-11-07
9057909300,9738801,2037-11-08,Cash,787.4,2037-11-08
2171816966,92404798,2037-11-09,Cash,2672.4,2037-11-09
1387025817,52417972,2037-11-10,Card,1004.68,2037-11-10
6801124715,26912171,2037-11-11,Card,697.53,2037-11-11
6117979297,79206969,2037-11-12,Cash,2007.19,2037-11-12
4902314626,98307019,2037-11-13,Cash,1819.77,2037-11-13
361595059,70966268,2037-11-14,Cash,1854.55,2037-11-14
5309683159,24153726,2037-11-15,Wallet,3047.03,2037-11-15
2300265337,90246977,2037-11-16,Cash,2215.55,2037-11-16
199903168,99627097,2037-11-17,UPI,1440.04,2037-11-17
4923840119,60049160,2037-11-18,UPI,426.72,2037-11-18
2209550085,56457995,2037-11-19,Cash,2710.74,2037-11-19
120178110,65294340,2037-11-20,Wallet,1508.3,2037-11-20
6647259959,83660688,2037-11-21,Card,3032.51,2037-11-21
3859980017,77015367,2037-11-22,Card,114.52,2037-11-22
9196827234,51669263,2037-11-23,Wallet,2203.36,2037-11-23
3499440849,3638834,2037-11-24,Card,1266.77,2037-11-24
7114775833,68965787,2037-11-25,Cash,1057.06,2037-11-25
7812364366,25081012,2037-11-26,Cash,4225.96,2037-11-26
7525899857,52428250,2037-11-27,Wallet,3983.85,2037-11-27
3917847107,90665975,2037-11-28,UPI,2860.94,2037-11-28
1229828587,42989999,2037-11-29,UPI,3587.77,2037-11-29
4249345096,81346291,2037-11-30,UPI,1230.3,2037-11-30
4002407580,59398136,2037-12-01,Cash,4381.56,2037-12-01
5982122427,6398761,2037-12-02,Card,345.54,2037-12-02
3280431261,48268435,2037-12-03,Cash,1198.33,2037-12-03
5066338759,48284116,2037-12-04,UPI,616.45,2037-12-04
9087426355,66932104,2037-12-05,Wallet,473.64,2037-12-05
5512907,51476157,2037-12-06,Wallet,861.53,2037-12-06
4174741467,34074184,2037-12-07,UPI,1492.14,2037-12-07
6270463968,35434373,2037-12-08,Wallet,3784.59,2037-12-08
1239385001,82359623,2037-12-09,UPI,2963.43,2037-12-09
5250202756,40871915,2037-12-10,Card,1416.86,2037-12-10
4099185509,22047134,2037-12-11,Cash,2680.39,2037-12-11
7875903450,17805991,2037-12-12,Wallet,877.43,2037-12-12
7561642939,75739462,2037-12-13,UPI,2045.25,2037-12-13
5438908316,59815512,2037-12-14,Card,3399.81,2037-12-14
357437373,23126657,2037-12-15,UPI,3284.68,2037-12-15
8972877222,57291761,2037-12-16,Cash,4304.25,2037-12-16
1163798451,25641500,2037-12-17,Cash,2383.88,2037-12-17
3588229485,29973346,2037-12-18,Wallet,3644.32,2037-12-18
1205823348,79478655,2037-12-19,UPI,2426.3,2037-12-19
2867008541,99594960,2037-12-20,Card,1763.79,2037-12-20
5794917332,12574626,2037-12-21,Cash,1099.91,2037-12-21
4726520098,48284116,2037-12-22,Cash,2873.05,2037-12-22
6251716165,93723634,2037-12-23,Card,2660.73,2037-12-23
5991829458,80850753,2037-12-24,UPI,4046.31,2037-12-24
1142626566,27304827,2037-12-25,Cash,1294.71,2037-12-25
2595161999,45586151,2037-12-26,Card,3891.35,2037-12-26
8865698939,3897936,2037-12-27,UPI,1333.67,2037-12-27
1776582175,12305040,2037-12-28,Wallet,2507.31,2037-12-28
7323157341,16543242,2037-12-29,Wallet,2438.78,2037-12-29
8997413283,45314389,2037-12-30,Card,3639.44,2037-12-30
2548452255,44776601,2037-12-31,Wallet,2112.34,2037-12-31
7906839225,56548063,2038-01-01,Wallet,1434.14,2038-01-01
4113927200,53782978,2038-01-02,Cash,4111.84,2038-01-02
4233626614,24043135,2038-01-03,Card,1487.88,2038-01-03
2886463378,6853981,2038-01-04,UPI,141.28,2038-01-04
1823348306,92604392,2038-01-05,UPI,1015,2038-01-05
8706556166,84953008,2038-01-06,Wallet,690.08,2038-01-06
5139433840,77614510,2038-01-07,Wallet,3480.72,2038-01-07
769731596,97825663,2038-01-08,Card,2692.05,2038-01-08
1346090496,88202341,2038-01-09,Cash,2035.95,2038-01-09
9339629293,79478655,2038-01-10,UPI,1797.71,2038-01-10
3043993017,13455530,2038-01-11,Wallet,3205.65,2038-01-11
274863669,39140039,2038-01-12,Wallet,1785.63,2038-01-12
3736611791,6959437,2038-01-13,Card,1410.62,2038-01-13
9628875555,11470681,2038-01-14,Cash,3007.93,2038-01-14
6367306297,17201639,2038-01-15,Cash,3012.27,2038-01-15
4393113152,79695653,2038-01-16,Cash,3080.2,2038-01-16
1239928207,79591237,2038-01-17,UPI,281.73,2038-01-17
5473002872,44030130,2038-01-18,Card,755.66,2038-01-18
6536847919,81822935,2038-01-19,Wallet,5410.01,2038-01-19
5480709564,18140588,2038-01-20,Card,3731.46,2038-01-20
1393100618,33295496,2038-01-21,Cash,3502.77,2038-01-21
6999330116,81605722,2038-01-22,Card,931.61,2038-01-22
7816842690,1449273,2038-01-23,Cash,3078.32,2038-01-23
3186586558,9987182,2038-01-24,Card,2983.4,2038-01-24
7927955136,32293017,2038-01-25,Cash,597.91,2038-01-25
3518172697,13189939,2038-01-26,Card,2809.38,2038-01-26
4557188271,17597449,2038-01-27,Cash,4693.64,2038-01-27
2893244627,11493380,2038-01-28,Cash,3331.28,2038-01-28
1996683408,5043760,2038-01-29,Wallet,870.29,2038-01-29
1673794089,48167795,2038-01-30,Cash,891.13,2038-01-30
9931161723,41640262,2038-01-31,Card,883.44,2038-01-31
856799416,25770577,2038-02-01,Wallet,439.98,2038-02-01
6668508959,15144290,2038-02-02,UPI,2236.64,2038-02-02
4914874727,80517784,2038-02-03,UPI,2658.31,2038-02-03
7869104895,57392064,2038-02-04,Cash,1638,2038-02-04
5094989752,87107263,2038-02-05,Card,46.62,2038-02-05
4305377896,19216141,2038-02-06,Cash,2737.62,2038-02-06
7017136473,50680889,2038-02-07,UPI,2783.74,2038-02-07
3303209513,70084516,2038-02-08,Wallet,2662.16,2038-02-08
8607953669,67340606,2038-02-09,Cash,1274.25,2038-02-09
1940918101,4356173,2038-02-10,Card,1438.2,2038-02-10
6494615659,10745302,2038-02-11,Card,3759.4,2038-02-11
4280890409,42102289,2038-02-12,Wallet,2926.61,2038-02-12
7598489331,84066402,2038-02-13,Wallet,2118.48,2038-02-13
8755280486,2566268,2038-02-14,Cash,2760.76,2038-02-14
8281093933,67277562,2038-02-15,Cash,781.08,2038-02-15
7415765726,75244116,2038-02-16,Wallet,4757.16,2038-02-16
6266072804,60565603,2038-02-17,Card,582.63,2038-02-17
1542448934,97033691,2038-02-18,UPI,2557.13,2038-02-18
2896979776,30317733,2038-02-19,Cash,690.08,2038-02-19
169867835,59545278,2038-02-20,Wallet,632.43,2038-02-20
9493456526,77811864,2038-02-21,Card,1359.05,2038-02-21
9423261830,17597449,2038-02-22,Cash,3077.08,2038-02-22
5793453795,70543108,2038-02-23,Cash,3172.62,2038-02-23
2141680269,32797235,2038-02-24,Cash,3449.94,2038-02-24
6457122136,79764458,2038-02-25,Cash,3162.28,2038-02-25
8447536518,48160359,2038-02-26,Cash,4888.47,2038-02-26
3191672889,88223261,2038-02-27,UPI,3130.58,2038-02-27
2521995712,30285217,2038-02-28,Cash,2100.16,2038-02-28
8194578267,74313592,2038-03-01,UPI,3901.21,2038-03-01
2811341619,30188374,2038-03-02,Cash,947.95,2038-03-02
5562576298,10019218,2038-03-03,UPI,3844.75,2038-03-03
7446009755,71767248,2038-03-04,Wallet,1324.37,2038-03-04
7343262659,16484167,2038-03-05,Card,3927.09,2038-03-05
7147677361,97475543,2038-03-06,Wallet,2543.15,2038-03-06
8732072897,12077371,2038-03-07,UPI,2358.85,2038-03-07
6418604551,12967305,2038-03-08,Wallet,4251.6,2038-03-08
4989511905,41972994,2038-03-09,Card,2654.71,2038-03-09
2520527893,51476157,2038-03-10,UPI,3294.27,2038-03-10
4753989820,81500385,2038-03-11,Card,1939.92,2038-03-11
8285547588,26245432,2038-03-12,UPI,909.66,2038-03-12
5824924668,49881540,2038-03-13,UPI,1710.54,2038-03-13
7703854141,86483673,2038-03-14,Wallet,1659.75,2038-03-14
7380361209,7591711,2038-03-15,Wallet,2151.14,2038-03-15
5053033745,66485571,2038-03-16,Card,2322.3,2038-03-16
4859489972,12305040,2038-03-17,UPI,2081.4,2038-03-17
9690396315,46563355,2038-03-18,Cash,3891.07,2038-03-18
448732557,80952275,2038-03-19,Wallet,1385.54,2038-03-19
4927306668,97033691,2038-03-20,Wallet,898.65,2038-03-20
1669690997,62600289,2038-03-21,Cash,1132.33,2038-03-21
8340761903,53640286,2038-03-22,Cash,2372.01,2038-03-22
5936301790,87059497,2038-03-23,Cash,3158.35,2038-03-23
5710579377,67310893,2038-03-24,UPI,1918.92,2038-03-24
2494813730,28663279,2038-03-25,Card,1879.46,2038-03-25
